かしこまり	エイプリル / mol-74 ( cover by かしこまり )	roYkpOCShjk	8818
かしこまり	透明声彩 / YuNi ( cover by かしこまり )	cv-Au9iz76s	20571
かしこまり	マリーゴールド / あいみょん ( cover by かしこまり )	BgE_cbKjiCo	43480
かしこまり	ドラマツルギー / Eve ( cover by かしこまり )	uOG-damuilg	48666
かしこまり	【踊ってみた】チカっとチカ千花っ♡【かしこ様は告らせたい】	S_mFPSQ8s2Q	80933
かしこまり	カカカタ☆カタオモイ-C / ヒャダイン ( cover by かしこまり & YuNi )	O1qCN4UEZqU	216325
かしこまり	クリスマスソング / back number ( cover by かしこまり )	l-RLPc55zb4	41039
かしこまり	ヒロイン / back number ( cover by かしこまり )	19nG-IhWY6Q	51905
かしこまり	めざせポケモンマスター / 松本梨香 ( cover by かしこまり & パンディ )	f4P9USTBXis	70399
かしこまり	ワールドイズマイン / 初音ミク ( cover by かしこまり )	jTT9bwuUMfM	157789
かしこまり	若者のすべて / フジファブリック ( cover by かしこまり)	CbCil5dUAY8	72237
かしこまり	I WANT YOU BACK / TWICE ( cover by かしこまり & 響木アオ )	rlLlwMBEoDk	58119
かしこまり	Lemon / 米津玄師 ( cover by かしこまり )	VXAMuERH0Gg	155464
かしこまり	夜咄ディセイブ / IA ( cover by かしこまり ＆ 樋口楓 )	vcU_AUayrio	484243
かしこまり	打上花火 / DAOKO × 米津玄師 ( cover by かしこまり )	Rz9aLowL5ck	110914
かしこまり	シュガーソングとビターステップ / UNISON SQUARE GARDEN（ cover by かしこまり ）	GRh8XiHnXpw	389629
かしこまり	HANABI / Mr.Children（ cover by かしこまり ）	_PElpN136WU	123660
かしこまり	いけないボーダーライン / ワルキューレ ( cover by かしこまり ＆ おめシス  )	uB8aRwh8fZY	1086097
かしこまり	God knows... / 涼宮ハルヒ ( cover by かしこまり )	JkBg88ot3sU	216009
かしこまり	天体観測 / BUMP OF CHICKEN（ cover by かしこまり ）	P7xs61SZytw	173035
かしこまり	タマシイレボリューション / Superfly ( cover by かしこまり )	Hbvh3A-MEao	155785
かしこまり	ひまわりの約束 / 秦基博 ( cover by かしこまり )	zChKL_uQv58	85468
かしこまり	コネクト / ClariS ( cover by かしこまり )	AQCL88Upry4	148956
かしこまり	君の知らない物語 / supercell ( cover by かしこまり )	Xkyy4gSVma8	238215
かしこまり	ギリギリchop / B’z（ cover by かしこまり ）	s9HSfrSsIGI	258811
かしこまり	渡月橋 〜君 想ふ〜 / 倉木麻衣（ short cover by かしこまり ）	UJORIzfM0sM	91369
かしこまり	そばかす / JUDY AND MARY（ cover by かしこまり ）	h6Ouxk7Pi30	313709
かしこまり	1/3の純情な感情 / SIAM SHADE （ Short cover by かしこまり ）	2fuldLfhZd8	133476
かしこまり	やさしさに包まれたなら / 荒井由実 （ cover by かしこまり ）	cOtT55-SH4k	233704
かしこまり	YOUTHFUL / 99RadioService ( Short Cover by かしこまり )	hwrQxVIkPMs	54835
かしこまり	星間飛行 / ランカ・リー（中島愛）（ cover by かしこまり ）	pkL5Lvu1kWM	490252
かしこまり	カタオモイ / Aimer ( cover by かしこまり )	GyF85OjYhuQ	180903
かしこまり	サイレントマジョリティー / 欅坂46 ( Short Cover  by かしこまり )	91wjDz4z5Sw	104029
かしこまり	メルト / 初音ミク ( cover by かしこまり )	wRmYHK14yyI	276584
YuNi	【ฅにゃんにゃんฅ】乙女解剖 歌ってみた - YuNi	7wCCpsKzUbU	316574
YuNi	【5人で前夜祭】 バレンタイン・キッス 歌ってみた - 樋口楓×因幡はねる×響木アオ×シスター・クレア×YuNi	LhxFEWOoMgI	297801
YuNi	【Japanese ver】 Shallow Lady Gaga & Bradley Cooper 歌ってみた - YuNi	aApLaFDDUJw	118073
YuNi	【イケメン(YuNi)降臨】雨とペトラ 歌ってみた - YuNi	ilp0naZ1WQU	976981
YuNi	【キングダムハーツ】光 歌ってみた - YuNi【イヤホン推奨】	mGsAixlq7tg	600585
YuNi	【バターにすっぞ】帝国少女 歌ってみた - YuNi	CPKLZq7RYhA	401390
YuNi	【眠りにつく】白い雪のプリンセスは 歌ってみた - YuNi	PaO5P_wfRZk	296188
YuNi	【謹賀新年🎍】ウィーアー！ YuNiと愉快な乙女丸達で歌ってみた	EgrGP8ljX8o	218357
YuNi	【ゆにサンタ🎅🏻】赤鼻のトナカイ 歌ってみた - YuNi	HcK5fb4vYbk	156730
YuNi	【メリクリ🎄】クリスマスソング 歌ってみた -YuNi 【backnumber】	NQ97uD3od5I	347040
YuNi	【YuNiの推し曲】ひなげし 歌ってみた - YuNi【いきものがかり】	lx_amBRRwZI	238326
YuNi	【祝☆半年記念日】ロキ コラボで歌ってみた - かしこまり×YuNi 【みきとP】	mxKCX19vIZg	467495
YuNi	【そんなわけないや】ヒバナ 歌ってみた - YuNi	uaKIi_UhsNo	766656
YuNi	【ダフニー】flos 歌ってみた - YuNi	OF5MVNyiF38	1037441
YuNi	【YuNiアレンジ】奏 歌ってみた - YuNi	y2ZbEta0ugw	549953
YuNi	【そんな名前の人は知らない！】 adrenaline!!! 歌ってみた - YuNi 【エロマンガ先生】	teNRF5U_tCQ	289065
YuNi	【どうしようもないまんま】ドーナツホール 歌ってみた - YuNi	xv92LLMA3J8	1311426
YuNi	【冬の風の匂いがした】夜空ノムコウ 歌ってみた - YuNi	MwVVsS2BkkE	312662
YuNi	【乙女丸が大炎上⁈】Pressure 歌ってみた -YuNi【Muse】	Mgnecjs9B8E	193460
YuNi	【コラボ】脳漿炸裂ガール 歌ってみた - 天神子兎音×YuNi	CYpOUcLtwT0	542520
YuNi	【コラボ】Mrs.Pumpkinの滑稽な夢 女子4人で歌ってみた - そら×まり×アオ×YuNi	gb_jfOQd64c	320192
YuNi	【コラボ】 Happy Halloween 女子3人で歌ってみた - おめシス × YuNi	l71rBXM1Rgg	307457
YuNi	【ハァイッ！！】ultra soul 歌ってみた - YuNi【B'z】	jRfTfVeZavs	387766
YuNi	【ル〜ララ〜】ロビンソン 歌ってみた - YuNi【スピッツ】	3lg9Y3uyRqQ	337435
YuNi	【ねぇそうだろう？】ヴォイス 歌ってみた -YuNi 【ポルノグラフィティ】	regESypj-2w	169128
YuNi	【昭和の名曲】まちぶせ 歌ってみた - YuNi 【石川ひとみ】	HgpLzXrE_XA	138148
YuNi	【#ゆにアート】 tell your world 歌ってみた - YuNi	sLMDss_VV4E	198629
YuNi	【愛が！】さよならエレジー 歌ってみた【菅田将暉】	VpYIJ76Gs6k	572053
YuNi	【アイムアルーザー】LOSER 歌ってみた【米津玄師】	_MsMoRpvJD0	1565536
YuNi	【君の膵臓をたべたい】 春夏秋冬 歌ってみた - YuNi 【sumika】	aQnFn7013uQ	371088
YuNi	【YuNi落下】アスノヨゾラ哨戒班 歌ってみた - YuNi	oP4bzAOmFos	544590
YuNi	【バカ兄貴！】irony 歌ってみた - YuNi 【俺の妹がこんなに可愛いわけがない】	QVFuiqWjXMk	309135
YuNi	【舌が召された】ブリキノダンス 歌ってみた - YuNi	vKcOfhAAgeg	901110
YuNi	【ジーザス!!】恋愛裁判 歌ってみた - YuNi	zqMWChfzTkI	409798
YuNi	【愚者のメロディー】妄想感傷代償連盟 歌ってみた - YuNi	jlcXiaiG2IY	624292
YuNi	【逃げちゃダメだ】残酷な天使のテーゼ 歌ってみた - YuNi 【新世紀エヴァンゲリオン】	-Sp2pM-whLw	418253
YuNi	【眼球全開】ラプンツェル 歌ってみた - YuNi	vE3GNxYFawc	325233
YuNi	【コラボ】からくりピエロ 歌ってみた - 響木アオ × YuNi	FCRRxX5PoX4	496867
YuNi	【愛してくれ】シャングリラ 歌ってみた - YuNi【チャットモンチー】	E87JNpw_prI	460959
YuNi	【生きろ】命に嫌われている。 歌ってみた - YuNi	85LtMbcugjI	1273239
YuNi	【猛暑対策】WHITE BREATH 歌ってみた - YuNi 【T.M.Revolution】	n7LNDJFHukw	327607
YuNi	【わたしのヒカリ】Lemon 歌ってみた(生歌) -YuNi 【米津玄師】	NIOIRrLpYJU	1621443
YuNi	【甲子園につれてって！】タッチ 歌ってみた(生歌) - YuNi	EAhwdJpODsM	195341
YuNi	【うー!にゃー!】太陽曰く燃えよカオス 歌ってみた(生歌) - YuNi 【這いよれ！ニャル子さん】	6TcYk_qGshM	790510
YuNi	【苦手発覚】crossing field 歌ってみた(生歌) - YuNi 【ソードアート・オンライン】	DGJAG7JH8Go	448920
YuNi	【初コラボ】 ペガサス幻想 小宇宙が燃えるまで歌ってみた(生歌) - 小山内めい x YuNi 【聖闘士星矢】	cyl1ZaRun3E	149309
YuNi	【エアギター】夏祭り 歌ってみた(生歌) - YuNi 【Whiteberry / JITTERIN'JINN】	Q6h-qj3PncI	515285
YuNi	【こっち向いてったら！】おねがいダーリン 歌ってみた(生歌) - YuNi	uHT5tGjRbfg	949001
YuNi	【みつかっちゃった…】secret base ～君がくれたもの～ 歌ってみた(生歌) - YuNi【あの花】	BjgmNg37WvU	499145
YuNi	【初デュエット】打上花火 歌ってみた(生歌) - YuNi 【DAOKO × 米津玄師】	TTJozNXj02g	687591
YuNi	【YuNi…執行官になる。】名前のない怪物 歌ってみた(生歌) 【PSYCHO-PASS/EGOIST】	YRLVzP4ud_4	1440751
YuNi	【サンキュー】 ハロ／ハワユ 歌ってみた(生歌) - YuNi	AgjgTQLddY0	830667
YuNi	【うっふん♡】ラムのラブソング 歌ってみた(生歌) - YuNi 【うる星やつら】	pK9IxSy9yXQ	223452
YuNi	【昭和の名曲】異邦人 歌ってみた(生歌) - YuNi 【久保田早紀】	xb5ECqfmBVI	195404
YuNi	【ダークYuNi】スーサイドパレヱド 歌ってみた(生歌)	ScBOvBW1KWA	771239
YuNi	【息継ぎ必死】シャルル 歌ってみた(生歌) - YuNi	LjkDJHk2KrE	6358545
YuNi	【早口苦戦】砂の惑星 歌ってみた(生歌) - YuNi	OdtLcNpsmwc	2320809
YuNi	【ご存知、ないのですか!?】祝10周年！ 星間飛行 歌ってみた(生歌) - YuNi 【マクロスF / ランカ・リー】	McRFlW3gV1M	509578
YuNi	【少しは分かるのです】Violet Snow 歌ってみた(生歌) - YuNi【ヴァイオレット・エヴァーガーデン】	Wn_DHMnQopI	182923
YuNi	【ウエストがしんどい】エイリアンエイリアン 歌ってみた(生歌) - YuNi	BxgZRlx_pDE	2132881
YuNi	【メニアック】 sweets parade 歌ってみた(生歌) - YuNi【髏々宮カルタ/妖狐×僕SS】	5bNokEpIYNQ	217000
YuNi	【自己紹介】プラチナ 歌ってみた(生歌) - YuNi【カードキャプターさくら】	8yL88k4Aou0	311126
燦鳥ノム	ドラマツルギー by 燦鳥ノム【歌ってみた】	ZtTQ_pI-cCw	1907019
燦鳥ノム	ウミユリ海底譚 by 燦鳥ノム【歌ってみた】	cFqtIGicNNw	267615
燦鳥ノム	雨き声残響 by 燦鳥ノム【歌ってみた】	GqiUKkdwpzA	286764
燦鳥ノム	太陽系デスコ by 燦鳥ノム【歌ってみた】	xCZNzf6I2rc	507955
燦鳥ノム	言って。 by 燦鳥ノム【歌ってみた】	t7u5raao5Kk	241093
燦鳥ノム	檄!帝国華撃団 by燦鳥ノム・富士葵・ときのそら【歌ってみた】	35fKzdDH654	633037
燦鳥ノム	ナンセンス文学 by 燦鳥ノム【歌ってみた】	kPM1HzOdExs	251637
燦鳥ノム	ECHO by 燦鳥ノム【歌ってみた】	GiJl73vpWCg	578442
燦鳥ノム	虎視眈々 by 燦鳥ノム【歌ってみた】	1KRaitjdFMw	170814
燦鳥ノム	アディショナルメモリー by 燦鳥ノム【歌ってみた】	RHA0UPfIZnw	114664
燦鳥ノム	【踊ってみた】ハレ晴レユカイ by 燦鳥ノム 【Short ver.】	MHvlvzkC8pc	86621
燦鳥ノム	【歌ってみた】ロストワンの号哭 by 燦鳥ノム	XA2yIPs3_FQ	100998
音羽ララ	《可愛くポップに》そばかす 歌ってみた ♪音羽ララ♪	DGSwd-rx9Bg	15812
音羽ララ	《とある愛世》モザイクロール 歌ってみた ♪音羽ララ♪	bzJ5TinEwzU	30220
音羽ララ	《エヴァ》魂のルフラン 歌ってみた ♪音羽ララ♪	NBKpPmBZDzs	58168
音羽ララ	《デジモン》Butter-Fly 歌ってみた ♪音羽ララ♪	qyq0tIgdfys	80130
音羽ララ	《声を枯らして》Just Be Friends 歌ってみた ♪音羽ララ♪	nxkk6VGSYxE	51385
音羽ララ	《ボカロ名曲》千本桜 歌ってみた ♪音羽ララ♪	69nGHjYeFQ0	66591
音羽ララ	《ぴぽぱぽ》ハッピーシンセサイザ 歌ってみた ♪音羽ララ♪	XAGQtGb7sVY	64634
音羽ララ	《踊り付き》マトリョシカ 歌ってみた ♪音羽ララ♪	2A7rZIjlC4k	367040
音羽ララ	5分で分かる音羽ララの『歌ってみた』	rf_p9oot7PU	14008
音羽ララ	《SAOその3》crossing field 歌ってみた ♪音羽ララ♪	TY3OwbGELEQ	50965
音羽ララ	《操ってよ》からくりピエロ 歌ってみた ♪音羽ララ♪	mqxDstnw5qQ	69370
音羽ララ	《恋しちゃったんだ》CHE.R.RY 歌ってみた ♪音羽ララ♪	pZ9_d0uplTs	50347
音羽ララ	《メーデー》ゴーストルール 歌ってみた ♪音羽ララ♪	pnyujuOcjDE	99205
音羽ララ	《SAOその2》INNOCENCE 歌ってみた ♪音羽ララ♪	B3hdPCixvVg	301077
音羽ララ	《早口がんばった》ドラマツルギー 歌ってみた ♪音羽ララ♪	lT32NkU89Pg	94824
音羽ララ	《ララサンタより》クリスマスソング 歌ってみた ♪音羽ララ♪	1gcbLH67LfA	24965
音羽ララ	《時かけ》ガーネット 歌ってみた ♪音羽ララ♪	6RN3KlYcIyg	36355
音羽ララ	《大好きだって言うため》いーあるふぁんくらぶ 歌ってみた ♪音羽ララ♪	YzFKmvsTaCY	718281
音羽ララ	《アイちゃん先輩へ》future base 歌ってみた ♪音羽ララ♪	GC-TqiyCa0E	35501
音羽ララ	《upd8参加》愛言葉Ⅲ 歌ってみた ♪音羽ララ♪	gA_BlsjcgxU	36468
音羽ララ	《心臓を投げたのだ》メリュー 歌ってみた ♪音羽ララ♪	WAsATIl_ohE	106329
音羽ララ	《EGOIST》Ghost of a smile 歌ってみた ♪音羽ララ♪	-g2BqC0SRP8	50345
音羽ララ	《初ボカロ》ロキ 歌ってみた ♪音羽ララ♪	9_tZkZ0-PXM	131030
音羽ララ	《猫の恩返し》風になる 歌ってみた ♪音羽ララ♪	4H87N0osHoY	89807
音羽ララ	《まどマギ》コネクト 歌ってみた ♪音羽ララ♪	ua08T2VC0j4	239325
音羽ララ	《SAO》Catch the Moment 歌ってみた ♪音羽ララ♪	4z4i-xJum8E	565828
音羽ララ	《憧れの人》未練レコード 歌ってみた ♪音羽ララ♪	OdnL3G0BOMs	26073
音羽ララ	《一緒に踊ろ♪》気まぐれロマンティック 歌ってみた ♪音羽ララ♪	7V7L-9kECME	65414
音羽ララ	《蕩れ》君の知らない物語 歌ってみた ♪音羽ララ♪	0d030mevPYA	68433
音羽ララ	《ずっとなかよし》secret base ～君がくれたもの～ 歌ってみた ♪音羽ララ♪	5l0Vypq1les	62006
音羽ララ	《初投稿》ふわふわ時間 歌ってみた♪音羽ララ♪	aGBVp0DxBHM	53298
おめシス	シンクロニティ by おめシス × BACK-ON	jis7E_mbwPw	183670
おめシス	【ガンダムAGE】AURORA (Short) / 藍井エイル by おめがレイ	8q-Ny2a0GPM	106384
おめシス	【ボカロ】非公開日誌 / GUMI by おめがリオ	FkyotXkl-CI	67339
おめシス	からくりピエロ / 初音ミク by おめがリオ	owl2ZtgDRHI	102286
おめシス	【天元突破グレンラガン】空色デイズ (Short) / 中川翔子 by おめがレイ	-YLyVDOJnFc	106181
おめシス	【DTB】ツキアカリのミチシルベ / ステレオポニー by おめがレイ	SV_ag_cq9Jg	230277
おめシス	青いベンチ / サスケ by おめがシスターズ	3JAeD-9FE8I	175145
おめシス	【GBF】ニブンノイチ / BACK-ON by おめがシスターズ	KQPr8Qde22w	446783
おめシス	【ハガレン】メリッサ / ポルノグラフィティ by おめがシスターズ【#14Ω】	XAt2lODxz_E	417000
おめシス	【アルドノア・ゼロ】heavenly blue / Kalafina by おめがレイ	IfYODh82hTo	145758
おめシス	AM11:00 / HY by おめがシスターズ【#16Ω】	abDwOIMcBEw	143500
おめシス	【時をかける少女】ガーネット / 奥華子 by おめがシスターズ	gXhqIT7XnsI	127673
おめシス	夏色 / ゆず by おめがシスターズ	VBpXOOPK6-E	221515
おめシス	【かっとビング】マスターピース / mihimaru GT by おめがシスターズ	_AcOHoF68vo	92898
おめシス	【ﾗｯﾀｯﾀｧ!】独りんぼエンヴィー / 初音ミク byおめがシスターズ	s9IvNnu0kqc	166240
おめシス	【ﾒｰﾃﾞｰ】ゴーストルール / 初音ミク byおめがシスターズ	FVfim9jNQVg	119192
おめシス	【まどマギ】コネクト / ClariS by おめがシスターズ	sYNL6WlW-e8	186362
おめシス	【血界戦線】シュガーソングとビターステップ / UNISON SQUARE GARDEN by おめがシスターズ	pSBk3QVY3cA	368638
おめシス	【あおガル】恋のカトレア通り(cover) by きれいなおめシス	b0nF7oUbsfg	134784
おめシス	ホウキ雲 / RYTHEM by おめがシスターズ	9Ppv1wvwHXI	90477
おめシス	透明声彩 / YuNi by おめがシスターズ	58al_aq_E2M	44213
天神子兎音	【歌ってみた】千本桜 feat. 初音ミク【cover by 天神子兎音】	hvFlaniw3rw	370080
天神子兎音	【歌編】初心者でも4分で分かる天神子兎音（てんじんことね）	tXsAZ2ILC1s	120320
天神子兎音	【歌ってみた作業用BGM】生放送ダイジェスト	vFvwX5Sk7Ho	42884
天神子兎音	【天神子兎音】フーアーユーなんて言わないで【オリジナル曲】	lB0TkRmEXQA	1111139
天神子兎音	【歌ってみた】シャルル / バルーン【天神子兎音cover】	7SNFxThH1Bc	846577
天神子兎音	【歌ってみた】メルト / ryo【天神子兎音cover】	TpNNEAnJHrE	478157
天神子兎音	【歌ってみた】Calc. / ジミーサムP【天神子兎音cover】	ZgKDt3zvf9Q	350356
天神子兎音	【歌ってみた】ロキ / みきとP【天神子兎音cover】	4knjZf6neh4	2277413
天神子兎音	【歌ってみた】1925 / 冨田悠斗【天神子兎音cover】	KRq6k_eo1wo	203283
天神子兎音	【歌ってみた】またあした / ふわりP【天神子兎音cover】	wp9DGNwD7Hs	112019
天神子兎音	【歌ってみた】いかないで / 想太【天神子兎音cover】【short ver.】	Yj6aOAJ6l1Y	76947
天神子兎音	【歌ってみた】チュルリラ・チュルリラ・ダッダッダ！ / 和田たけあき【天神子兎音cover】	8SIDO8pWAlI	989904
天神子兎音	【歌ってみた】東京テディベア / Neru 【天神子兎音cover】	J9ZT1Y3mcKw	275884
天神子兎音	【歌ってみた】エイリアンエイリアン / ナユタン星人 【天神子兎音cover】	WMLT4pxwWM0	751065
天神子兎音	【歌ってみた】God Knows... / 涼宮ハルヒ【天神子兎音cover】	qKmBRuHyOdE	523951
天神子兎音	【コラボ】脳漿炸裂ガール 歌ってみた - 天神子兎音×YuNi	CYpOUcLtwT0	542520
天神子兎音	【YuNi×天神子兎音】クノイチでも恋がしたい / みきとP【歌ってみたコラボ】	r6-gB_ypjsM	737049
天神子兎音	【歌ってみた】ゴーストルール / DECO*27 【天神子兎音cover】	QOmCr33TkBs	720613
天神子兎音	【歌ってみた】only my railgun / fripSide【天神子兎音cover】	7l2Wp_LB9ts	828455
天神子兎音	【歌ってみた】敗北の少年 / kemu 【天神子兎音cover】	QAQLbMLI_rM	293553
天神子兎音	【歌ってみた】初めての恋が終わる時 / ryo【天神子兎音cover】	6VEw5zVsjlQ	127349
天神子兎音	【歌ってみた】そこに空があるから / 江崎とし子 【天神子兎音cover】	y0ASPri61Y4	72112
天神子兎音	【天神子兎音×樋口楓】SEVENTH HAVEN／Tokyo 7th シスターズ【歌ってみた】	N8K73cMLbAg	155759
天神子兎音	【樋口楓×天神子兎音】打上花火 / DAOKO × 米津玄師【歌ってみた】	n0da64FMiDM	171041
天神子兎音	【響木アオ×天神子兎音】ビバハピ / Mitchie M【歌ってみた】	1NkouNWZ4so	73646
天神子兎音	【歌ってみた】天ノ弱 / 164【天神子兎音cover】	apoSRXjAdq8	243652
天神子兎音	【歌ってみた】終わりへ向かう始まりの歌 / supercell【天神子兎音cover】	496Y52OT1_g	34643
天神子兎音	【歌ってみた】サイレントマジョリティ ー / 欅坂46【天神子兎音cover】	My-1Qfn-I44	442425
天神子兎音	【歌ってみた】アンデッドエネミー / ギガP・スズム【天神子兎音cover】	ckU1zTua0G8	346832
天神子兎音	「アンインストール」（Arranged by Aire） ショートver「IMAGINATION vol.1」より【天神子兎音】	zO5H6NbWKZ4	10637
天神子兎音	【歌ってみた】不協和音 / 欅坂46【天神子兎音cover】	rEiCTfOcCZs	93118
天神子兎音	【歌ってみた】さよならメモリーズ / supercell【天神子兎音cover】	Cs5GieimxBs	64976
天神子兎音	【歌ってみた】乙女解剖 / DECO*27【天神子兎音cover】	j5AoE0m7_ZE	130532
天神子兎音	【歌ってみた】This game / 鈴木このみ【天神子兎音cover】	aj1yNOS7LvM	187184
天神子兎音	【歌ってみた】ヒバナ / DECO*27【天神子兎音cover】	H-PibUs-W7k	351070
天神子兎音	「プレパレード」（Arranged by 未来茶オールスターズ）MV Short ver	-mIs2g2J6VM	23844
天神子兎音	【歌ってみた】ブリキノダンス / 日向電工【天神子兎音cover】	iT0KFo5VD2s	163302
天神子兎音	【歌ってみた】アスノヨゾラ哨戒班 / Orangestar【天神子兎音cover】	kVMrmU4eZU8	55042
ルキロキ	【ララちゃんとロキで】ハロ／ハワユ / ナノウ【歌ってみた】	r4OfG-qL5EI	60265
ルキロキ	【キョウちゃんとルキで】マニック (Manic) / *Luna【歌ってみた】	sXiq3-WvvGo	43219
ルキロキ	【愛したっていいじゃないか 】 モザイクロール / DECO*27【歌ってみた】	JEmjFuKgsQA	59753
ルキロキ	【悪夢の始まり】 スーサイドパレヱド / ユリイ・カノン【歌ってみた】	FtYP1MfUvlA	132870
ルキロキ	【王様になりたい】しんでしまうとはなさけない！/じーざすP【歌ってみた】	dn4cKo18Uf8	66689
ルキロキ	【溶けていく】メルティランドナイトメア/はるまきごはん【歌ってみた】	R2Por8y7Zhg	49673
ルキロキ	【想いを込めて】オレンジ/トーマ【歌ってみた】	8nG6xWFZQ0E	86907
ルキロキ	【愛や厭】妄想感傷代償連盟/DECO*27【ルキが歌ってみた】	3MVNJsWSJEI	191343
ルキロキ	【未完成な二人が】ヒバナ/DECO*27【歌ってみた】	lYOQN11WoX8	172161
ルキロキ	【力の限り】メリュー/ナブナ【ロキが歌ってみた】	at6FIQlP6Zg	74172
ルキロキ	【しゅき】エイリアンエイリアン/ナユタン星人【歌ってみた】	cXLyJqI77kg	130669
ルキロキ	【僕は誰？】拝啓ドッペルゲンガー/kemu【歌ってみた】	OWUACUFsKeA	341622
ルキロキ	【回って回って】からくりピエロ／40mP【歌ってみた】	ZIWRP3kD3vs	106094
ルキロキ	【継ぎ接ぎ狂った双子が】マトリョシカ／ハチ【歌ってみた】	vVqIhWxwNeE	143209
ルキロキ	【キズナアイちゃんの】new world【歌って踊ってみた】	LE5DZfuxhbk	57076
ルキロキ	【せやな】何でも言うことを聞いてくれるロキチャン【歌ってみた】	Y0B5jbpb9u4	242520
ルキロキ	【そらともが】未練レコード/ときのそら×40mP【歌ってみた】	KPlxewKbWy0	48850
ルキロキ	【ルキがロキをルキにして】ロキ/みきとP【歌ってみた】	jLMh1KNmzwI	627101
道明寺ここあ	【初投稿】Rising Hope 歌ってみた  - 道明寺ここあ【魔法科高校の劣等生OP/LiSA】	4ns7aPLDP70	1578729
道明寺ここあ	【道明寺ここあ】unravel 歌ってみた【東京喰種トーキョーグールOP/TK from 凛として時雨】	cwjjS6MfIkw	1113218
道明寺ここあ	【道明寺ここあ】メルト 歌ってみた	yWxuBzb83DY	1018054
道明寺ここあ	【道明寺ここあ】シャルル 歌ってみた	hAYfIIGIMCc	2230590
道明寺ここあ	【道明寺ここあ】サンビカ 歌ってみた【キルラキル挿入歌/藍井エイル】	GOZAo6xmb5w	916379
道明寺ここあ	【道明寺ここあ】ピースサイン 歌ってみた【僕のヒーローアカデミアOP/米津玄師】	l5FOt1OAfOc	1613742
道明寺ここあ	【道明寺ここあ】Wherever you are  歌ってみた【ONE OK ROCK】	xSUgfiyQf0M	640939
道明寺ここあ	【道明寺ここあ】Mighty Long Fall 歌ってみた【ONE OK ROCK】	iWPBZi8RcqI	272700
道明寺ここあ	道明寺ここあが吹っ切れた【おちゃめ機能】	mjwbAgu7CWU	901610
道明寺ここあ	【道明寺ここあ】砂の惑星　歌ってみた【ハチ】	iqndwWqlfR8	892448
道明寺ここあ	【胸がギュッとした】君の知らない物語 歌ってみた【化物語ED/supercell】	nlP1OnR8S8k	652250
道明寺ここあ	【寂しい】命に嫌われている。 歌ってみた【初音ミク/カンザキイオリ】	9_IKgqsnfco	1342180
道明寺ここあ	【ﾊﾞｰﾁｬﾙのど自慢】愛をこめて花束を  歌ってみた【Superfly/cover】	yOYEKiiFJCw	1149873
道明寺ここあ	【掴み取れ！】Catch the Moment　歌ってみた【ソードアート・オンライン 主題歌 / LiSA】	Z82UOYjwl6M	627020
道明寺ここあ	【学校で！】『ロキ』歌ってみた！【ゲーム部の皆さんと！】	f8exumiQ_ck	2346206
道明寺ここあ	【切なく】うたかた花火　歌ってみた【NARUTO疾風伝ED/supercell】	j6QMF99JfLo	329899
道明寺ここあ	【研ぎ澄ませ!】完全感覚Dreamer 歌ってみた【ONE OK ROCK】	l0V9rt9McYM	1726977
道明寺ここあ	【大爆発！】No pain, No game　歌ってみた【BTOOOM！OP/ナノ】	Hj-Wda9cO8g	433533
道明寺ここあ	【腕が筋肉痛】エイリアンエイリアン 歌ってみた - 道明寺ここあ【ナユタン星人】	LKfsadAxu5s	851530
道明寺ここあ	【王の力！】The Everlasting Guilty Crown 歌ってみた - 道明寺ここあ【ギルティクラウンOP/EGOIST】	7O7emKO5RpQ	588391
道明寺ここあ	【ギターに挑戦！】God knows... 歌ってみた - 道明寺ここあ【涼宮ハルヒの憂鬱挿入歌/平野綾】	Ug1mTGc2Jqs	506833
道明寺ここあ	【満開】打上花火 歌ってみた - 道明寺ここあ【DAOKO × 米津玄師】	4zmQFZmP9lA	218847
道明寺ここあ	【あなたに届け！】太陽系デスコ　歌ってみた - 道明寺ここあ【ナユタン星人】	66LzA1Xes-Y	708361
道明寺ここあ	【運命に抗え】REVIVER 歌ってみた-道明寺ここあ【MY FIRST STORY/オルタンシアサーガ】	XDRC9VcU1Vo	221141
道明寺ここあ	【君の名は。】前前前世 歌ってみた - 道明寺ここあ【RADWIMPS】	oxjwYtJkxG4	226245
花譜	【歌ってみた】フラジール covered by 花譜	5NMSH6piKZU	125939
花譜	【歌ってみた】凍えそうだ covered by 花譜	KM8Jh3D3hgA	84218
花譜	【歌ってみた】五月雨 covered by 花譜	R1Gph3qEijw	173343
花譜	【歌ってみた】想像フォレスト covered by 花譜	sHlNoBD_rj4	155458
花譜	【歌ってみた】打上花火 covered by 花譜	R0BHfKV9ioI	108578
花譜	【歌ってみた】Lemon covered by 花譜	SNapiB5_dx0	140518
花譜	【歌ってみた】回る空うさぎ covered by 花譜	i30TA3V527A	163789
花譜	【歌ってみた】死んでしまったのだろうか covered by 花譜	3j0znl2cYAs	213905
花譜	【歌ってみた】またねがあれば covered by 花譜	6pEDTxHm-Ek	137821
花譜	【歌ってみた】さよならミッドナイト covered by 花譜	y4sHBySTCzk	87492
花譜	【歌ってみた】猛独が襲う covered by 花譜	jpwy7kP8Pps	257268
花譜	花譜　#17　「雛鳥」 【オリジナルMV】	M1RIUrgJqWw	276881
花譜	花譜　#16　「活花」-復帰＆”雛鳥”予告編- 【オリジナルMV】	VcACkGvGKjM	29459
花譜	花譜　#15　「忘れてしまえ」 【オリジナルMV】	2Nj1l-S2FJU	197115
花譜	花譜　#13　「忘れてしまえ」-予告編- 【オリジナルMV】	RWJkwQrnKW0	22965
花譜	花譜　#11　「魔女」 【オリジナルMV】	AqwFHfsAlx0	313017
花譜	花譜　#09　「心臓と絡繰」 【オリジナルMV】	hcm1LGOxJbc	1413470
花譜	花譜　#08　「心臓と絡繰」-予告編②- 【オリジナルMV】	NF5ySTQuE4A	25692
花譜	花譜　#07　「心臓と絡繰」-予告編①- 【オリジナルMV】	J8rBt5AuFcs	22713
花譜	花譜　#06　「糸」 【オリジナルMV】	3Wtx6k2vInU	296599
花譜	花譜　#05　「糸」-予告編- 【オリジナルMV】	FhlwWC4vwy4	23140
花譜	花譜　#03	DUEvvom-r4A	52901
花譜	花譜　#02	eqovRWVLCic	35961
花譜	花譜　#01	LZWPYAqDtGs	51440
樋口楓	Red Star【樋口楓オリジナル曲】	29j460cy6xY	35440
樋口楓	BREAK THIS WALL feat. キツネDJ【樋口楓オリジナル曲】	UYBUbjeGJdE	26580
樋口楓	【コラボ・第一弾！】「BOYS & GIRLS 3.0 feat. 樋口楓」 / キツネDJ	KlgMpBK4-os	13071
樋口楓	Harmony!!【樋口楓オリジナル曲】	8sGdUV18h4w	17350
樋口楓	放課後Memory【樋口楓オリジナル曲】	pGdJHcAAPlc	50792
樋口楓	burning forest【樋口楓オリジナル曲】	JLt-Z2BO3Lk	26749
樋口楓	「だってアタシのヒーロー。」cover.樋口楓（Arranged by PandaBoY）【試聴動画】	m7Jw3a6W7ck	52080
樋口楓	【にじさんじjk組】dream triangle【オリジナル曲】	M9VZ-BczRH0	111101
樋口楓	【5人で前夜祭】 バレンタイン・キッス 歌ってみた - 樋口楓×因幡はねる×響木アオ×シスター・クレア×YuNi	LhxFEWOoMgI	297801
樋口楓	樋口楓1stライブ「KANA-DERO」ライブ映像特別公開！『響鳴』	NcaGIXz6fdI	151546
樋口楓	【樋口楓×天神子兎音】打上花火 / DAOKO × 米津玄師【歌ってみた】	n0da64FMiDM	171041
樋口楓	月夜ノ空 full ver.【樋口楓オリジナル曲】	mgw7dgA4nNE	109735
樋口楓	【天神子兎音×樋口楓】SEVENTH HAVEN／Tokyo 7th シスターズ【歌ってみた】	N8K73cMLbAg	155759
樋口楓	皐月の風【樋口楓オリジナル曲】	w565CF7KsHA	35160
樋口楓	奏でろ音楽！！！full ver.【樋口楓オリジナル曲】	Vs9dX8C9Cn8	111898
樋口楓	デロッパ！【樋口楓オリジナル曲】	P9CBFmk5H8Q	46102
樋口楓	WISH!【樋口楓オリジナル曲】	78JaNSdVOMQ	78829
樋口楓	【樋口楓&える】けろっぐふろっぐ！【オリジナル曲】	sRpg90RGRJg	47077
樋口楓	焼森のファンファーレ【樋口楓オリジナル曲】	ML9x7s7SMBE	133073
樋口楓	WINDING ROAD byおめがシスターズ×樋口楓【歌ってみた】	DxQVcC-yJV0	124111
樋口楓	【ロボ子さん×樋口楓】Happy Halloween 【歌ってみた】	v6u80eYSLvc	149033
樋口楓	【ロボ子さん×樋口楓】PLATONIC GIRL 【歌ってみた】	_cUTVL2Nj6o	185476
樋口楓	【にじさんじJK組】dream triangle short ver.【オリジナル曲】	FhF8PEGAF2Y	139896
樋口楓	【静凛&樋口楓】Dress me up!!【オリジナル曲】	yCTsaVg6f3g	84468
樋口楓	曇り空のフィルム【樋口楓オリジナル曲】	PbW6Q1FdQEg	42838
樋口楓	月夜ノ空【樋口楓オリジナル曲】	Zrq5lRWmCVc	55520
樋口楓	夜咄ディセイブ / IA ( cover by かしこまり ＆ 樋口楓 )	vcU_AUayrio	484243
樋口楓	楓色の向こう【樋口楓オリジナル曲】	AgOWBMkU24g	55617
樋口楓	MapleDancer【樋口楓オリジナル曲】	OLWqLMbq5QY	653642
樋口楓	【にじさんじ】Mr.Music【歌ってみた！】	CICsAfQ6ke8	478518
樋口楓	キミの友達【樋口楓オリジナル曲】	JG-mcEtEpRY	55769
樋口楓	やきもち☆ハートブレイク【樋口楓オリジナル曲】	zu1ikUGv4Qc	63431
樋口楓	奏でろ音楽！！！ VR live ver.【樋口楓オリジナル曲】	rGGGenfukR8	72740
樋口楓	奏でろ音楽！！！【樋口楓オリジナル曲】	MuFxkZMtv_M	100479
樋口楓	Liver's High!!【樋口楓オリジナル曲】	O-Ndo_JKTAY	96558
樋口楓	放課後Melty【樋口楓オリジナル曲】	W9rkEnT9Q_8	109996
樋口楓	Maple【樋口楓オリジナル曲】	0jseKaZGFzM	208900
樋口楓	Harmony!! ワンコーラスver.【樋口楓オリジナル曲】	_7yLua9O9Us	137348
響木アオ	【歌ってみた】Mariah Carey(マライア・キャリー) / All I Want For Christmas Is You『恋人たちのクリスマス』【Covered by 響木アオ】	2IhVS4wAtKM	9715
響木アオ	【新人アイドルが】“私、アイドル宣言”歌ってみた【響木アオ】	gyBMk2sAbrs	18434
響木アオ	【歌ってみた】Lemon / 米津玄師	i54nTY_Xgl4	54417
響木アオ	【Cover】Virtual Insanity / Jamiroquai【歌ってみた】	je9Kzc-J4WM	43687
響木アオ	【歌ってみた】打上花火  / DAOKO × 米津玄師	D11JIOXu_6I	30672
響木アオ	【歌ってみた】はじめてのチュウ / あんしんパパ【Cover】	6e_5_KtJkFw	15690
響木アオ	ハロ／ハワユ【歌ってみた♪】	kYGg1vWMbfA	28438
響木アオ	lllトゥルティンアンテナlll【歌ってみた♪】	I0SyWEUFNmQ	12044
響木アオ	初めての恋が終わる時【歌ってみた♪】	lHAQRminNmc	12763
響木アオ	【歌ってみた】にんじゃりばんばん(Ninja Re Bang Bang)  / きゃりーぱみゅぱみゅ	08hVIe4MnhU	17053
響木アオ	【歌ってみた】廃墟の国のアリス/まふまふ feat. 初音ミク【響木アオ】	GKlOTi-A2xE	27732
響木アオ	【歌ってみた】クリスマスソング / back number【響木アオ】	7AAJu3UQQ8Q	7535
響木アオ	【歌ってみた】Kizuna AI/future base (Prod.Yunomi)【Covered by 響木アオ】	tLCTlXcDUhQ	6800
響木アオ	【響木アオ×天神子兎音】ビバハピ / Mitchie M【歌ってみた】	1NkouNWZ4so	73646
響木アオ	【歌って踊ってみた】チカっとチカ千花っ♡covered by 響木アオ【かぐや様は告らせたい】	JklXfqM_yeQ	17186
響木アオ	【歌ってみた】シャルル / バルーン【響木アオ】	pqvKIQMWkOY	16294
響木アオ	【5人で前夜祭】 バレンタイン・キッス 歌ってみた - 樋口楓×因幡はねる×響木アオ×シスター・クレア×YuNi	LhxFEWOoMgI	297801
響木アオ	【アオ×Wまつり×ひいろ×マスター】未完成ガールズハート【歌ってみた】	SiWOSnK4reo	9696
花鋏キョウ	【2019.05.10リリース】 花鋏キョウ 1stカバーアルバム『ハサミウタ』トレーラー /アルバム試聴動画	AHOUtbHzr8c	9881
花鋏キョウ	【2019.05.10リリース】 花鋏キョウ 1stシングル『蒼に躊躇う』トレーラー /試聴動画	8kRXHWmPf5U	2868
花鋏キョウ	アウトサイダー／花鋏キョウ【歌ってみた】	hSqSNSlK0vw	59241
花鋏キョウ	【LIVE】3D化＆オリジナル曲リリース記念🌷花鋏キョウの生放送【VTuber】	5Hj4tHeEvsk	18845
花鋏キョウ	【wowaka】アンノウン・マザーグース／歌ってみた【花鋏キョウ＆獅子神レオナ＆流石乃ルキ＆流石乃ロキ】	PwMZhdyZHVI	688063
花鋏キョウ	蒼に躊躇う - 花鋏キョウ MV	TtD7xcruYAk	86186
花鋏キョウ	花鋏キョウ 最新速報	GyGQ1NgAOHk	18151
花鋏キョウ	乙女解剖／花鋏キョウ【歌ってみた】	oi9RoNCdLno	204241
花鋏キョウ	back number／HAPPY BIRTHDAY（ドラマ『初めて恋をした日に読む話』主題歌）cover by 花鋏キョウ	IIRqqGthsHI	38336
花鋏キョウ	【花鋏キョウ】I beg you / Aimer【歌ってみた】『Fate/stay night [Heaven's Feel]』	8ehrYKvd5ag	105570
花鋏キョウ	【歌ってみた】サイレントマジョリティ ー / 欅坂46【花鋏キョウcover】	tiwYwFmEKuI	209506
花鋏キョウ	【LIVE】活動半年記念🌷花鋏キョウの生放送【vtuber】	6scQ1z6uUw8	19151
花鋏キョウ	誓い / 宇多田ヒカル（cover）花鋏キョウ【KINGDOM HEARTS III エンディングテーマ】	0TfJmj-3aEo	63695
花鋏キョウ	【supercell】さよならメモリーズ／花鋏キョウ【歌ってみた】	JOcwaqpLSWU	93667
花鋏キョウ	眩しいDNAだけ／ずっと真夜中でいいのに。（cover）花鋏キョウ【ずとまよ】【歌ってみた】	t9AfuYngEd8	184246
花鋏キョウ	ヨルシカ - 藍二乗（cover）花鋏キョウ	EwwCPPCL0k4	228100
花鋏キョウ	天体観測 / BUMP OF CHICKEN（ cover by 花鋏キョウ ）	Huccgoru2n4	318734
花鋏キョウ	【ずとまよ】ヒューマノイド／ずっと真夜中でいいのに。（cover）花鋏キョウ【歌ってみた】	jEE_foq1cM8	208345
花鋏キョウ	【米津玄師】砂の惑星 feat.初音ミク/ハチ (cover) - 花鋏キョウ【歌ってみた】	1FfJumM0G3M	141994
花鋏キョウ	【アレンジver】シャルル ／ バルーン (cover) by花鋏キョウ【歌ってみた】	lovGbRw8R7c	261749
花鋏キョウ	打上花火/DAOKO × 米津玄師(Covered by 花鋏キョウ & 夜霧メイ)	fiY2Dug7U-s	69018
花鋏キョウ	【LIVE】10万人記念🌷 花鋏キョウの生放送【vtuber】	kemLx9qUWrc	26175
花鋏キョウ	夜もすがら君想ふ 歌ってみた【花鋏キョウ】	3g-ZzwsUf48	131227
花鋏キョウ	【Eve】ラストダンス 歌ってみた【花鋏キョウ】	RnOH_kL42nI	416702
花鋏キョウ	【歌ってみた】 WAVE 【花鋏キョウ】	yTek-etn_ZE	174475
花鋏キョウ	フィクサー／花鋏キョウ【歌ってみた】	ubVlzwY_ZkQ	301505
花鋏キョウ	【女性が歌う】クリスマスソング / back number (フルカバー) by 花鋏キョウ【vtuber】	nI-9rVc_RI8	104101
花鋏キョウ	【女性が歌う】前前前世/RADWIMPS『君の名は。』主題歌(Covered by 花鋏キョウ)	XwRyIYmMCzw	70646
花鋏キョウ	夢ファンファーレ ／ 花鋏キョウ×双理マイ【歌ってみた】	AAbLoF-zc_8	64816
花鋏キョウ	【重要】みなさんにご報告がございます。	1FiY82mkuTo	77831
花鋏キョウ	【女性が歌う】TEENAGE RIOT（米津玄師）/covered by 花鋏キョウ / 『GATSBY COP』CMソング【VTuber】	HEql9BoUE4s	161874
花鋏キョウ	【女性が歌う】奏/スキマスイッチ（Cover by 花鋏キョウ）『一週間フレンズ。』主題歌	S19I8ko-HUk	221340
花鋏キョウ	愛言葉Ⅲ - DECO*27(Cover) / 花鋏キョウ【歌ってみた】	uP0rBmGkvq4	191902
花鋏キョウ	【女性が歌う】米津玄師 「Flamingo」(Covered by 花鋏キョウ)/ソニー 完全ワイヤレスヘッドホン CMソング	DwErLL60GXk	2045657
花鋏キョウ	脳裏上のクラッカー(Covered by 花鋏キョウ)【ずとまよ】【歌ってみた】	oA8AbUXFVQo	582364
花鋏キョウ	ロキ 歌ってみた【花鋏キョウ×獅子神レオナ】	DN_KpMjdMUM	787515
花鋏キョウ	瞬き／back number「8年越しの花嫁 奇跡の実話」主題歌(Covered by 花鋏キョウ)	pd9FXA5C4CU	254668
花鋏キョウ	【米津玄師】Lemon／米津玄師(Covered by 花鋏キョウ)ドラマ『アンナチュラル』主題歌	4LX0CjZsQV0	359803
花鋏キョウ	【女性が歌う】ヨンジュウナナ／みきとP feat. 初音ミク(Covered by 花鋏キョウ)【歌ってみた】	ciGp8jmnmqk	232027
花鋏キョウ	【女性が歌う】じん−アディショナルメモリー/ JIN−Additional Memory(Covered by 花鋏キョウ)【歌ってみた】	jajOPxWbpnM	998306
花鋏キョウ	廃墟の国のアリス／まふまふ feat. 初音ミク(Covered by 花鋏キョウ)【歌ってみた】	NMdNolKVVco	550835
花鋏キョウ	ミュージックミュージックとあ feat. 初音ミク（Covered by 花鋏キョウ)【歌ってみた】	TUtkwmdEXQw	134366
花鋏キョウ	【自己紹介】JKアイドル・花鋏（はなばさみ）キョウです！【新人Vtuber】	LqSuVZw6k6E	131877
花鋏キョウ	アイネクライネ/米津玄師(Covered by 花鋏キョウ)【歌ってみた】	8ZukcDdTc1I	360270
花鋏キョウ	【LIVE】花鋏キョウの初配信🌷✂️【vtuber】	QESU7x0XeOU	45947
ロボ子さん	【MMD公開記念】おねがいダーリン 歌ってみた【ロボ子さん】	RJwpJIe5FmY	167989
ロボ子さん	FICTION /ロボ子さん feat. キツネDJ【オリジナル曲】	UXuMSLOUhgs	12503
ロボ子さん	【コラボ・第三弾！】「BOYS & GIRLS 3.0 feat. ロボ子」 / キツネDJ	Wo0LOk4R5Oc	3091
ロボ子さん	【ロボ子さん】secret base〜君がくれたもの〜【VTuberコンピレーションアルバム「IMAGINATION vol.1」】	yU5_w__2FBo	26467
ロボ子さん	【歌ってみた】ロボ子、あっかんべーだ　歌ってみた。【オリジナルPV 】	e_EqIA6ZWqs	196062
ロボ子さん	【ロボ子さん×樋口楓】PLATONIC GIRL 【歌ってみた】	_cUTVL2Nj6o	185476
ロボ子さん	【ロボ子さん×樋口楓】Happy Halloween 【歌ってみた】	v6u80eYSLvc	149033
ロボ子さん	【ロボ子さん・白上フブキ】嗚呼素晴らしきニャン生【ドーラ・鷹宮リオン】	Mb2oMO-SK7w	42477
ロボ子さん	【ロボ子さん】メルティランドナイトメア【オリジナルMV】	Klsca1OcwH8	209906
ロボ子さん	【歌ってみた】少年と魔法のロボット【VTuberチャリティーライブ】	48DgT4-JYZA	31111
ロボ子さん	【全部美兎】シュガーソングとビターステップ OFF(全部美兎)を…歌ってみた【ロボ子さん】	8SRe-pPLaG0	45744
ロボ子さん	レペゼンVTuberラッパーロボ子！【世界クーリッシュ選手権2018】	24NBZW9P7_c	26873
ココツキ	命のユースティティア/covered by ココツキ【歌ってみた】	w6IgnKR3LHY	106468
ココツキ	秒針を噛む/covered by ココツキ【歌ってみた】	Pl85zCoxabg	40323
ココツキ	【女性2人で】ヒバナ/covered by ココツキ【歌ってみた】	umHhriJ8n7U	110795
ココツキ	【女性2人で】心做し/covered by ココツキ【歌ってみた】	QgouH0x07_Y	62908
ココツキ	【女性2人で】3月9日/covered by ココツキ【歌ってみた】	aQG-qc9YdTc	34407
ココツキ	【女性2人で】narrative/covered by ココツキ【歌ってみた】	NF7p33anu5U	15214
ココツキ	【女性2人で】ロキ/covered by ココツキ【歌ってみた】	mVVGhAjsKa4	39986
ココツキ	【女性2人で】ADAMAS/covered by ココツキ【歌ってみた】	fZQ3_ClwQrk	47217
ココツキ	【女性2人で】ゴーストルール/covered by ココツキ【歌ってみた】	8c68uV-MqEw	25302
ココツキ	【女性2人で】メリュー/covered by ココツキ【歌ってみた】	RKpkYwiHKXQ	8977
ココツキ	【ニコニコ超会議】命のユースティティア/covered by ココツキ【歌ってみた】	ARTtJf3dp08	11453
獅子神レオナ	ヨルシカ - ヒッチコック covered by 獅子神レオナ【歌ってみた】	2TKu32mgwq8	34172
獅子神レオナ	【リアクト女子4人で】ガールズトーク【歌ってみた】	JkfWp4focFU	6682
獅子神レオナ	【歌ってみた】Not A Hero／獅子神レオナ【Vtuber】	VpGliuGm9Q4	27379
獅子神レオナ	【wowaka】アンノウン・マザーグース／歌ってみた【花鋏キョウ＆獅子神レオナ＆流石乃ルキ＆流石乃ロキ】	PwMZhdyZHVI	688063
獅子神レオナ	メーベル / バルーン(cover) - 獅子神レオナ＆流石乃ロキ	BszJVKvubcE	147813
獅子神レオナ	丸ノ内サディスティック covered by 獅子神レオナ【歌ってみた】	R6oaVdYkrSw	80653
獅子神レオナ	「glow」歌ってみた【獅子神レオナ】	n3FsBSLibsI	55761
獅子神レオナ	君はロックを聴かない ／ あいみょん(cover) by 獅子神レオナ	0UNOO_50Y8Q	156455
獅子神レオナ	【歌ってみた】フィクサー／獅子神レオナ【Vtuber】	iwFXWBZ1cEI	117124
獅子神レオナ	【歌ってみた】夢ファンファーレ - 丑牡てぃあ × 獅子神レオナ	6tJo5NWpdMQ	7652
獅子神レオナ	【OBK'S】桜ノ雨【歌ってみた】	GdRNa72_3hU	45168
獅子神レオナ	【獅子神レオナ＆綺羅星ウタ】　再教育　【歌ってみた】	Qs4x4Ko4rAY	39101
獅子神レオナ	【歌ってみた】on the rocks 【唯牙コハク×獅子神レオナ】	6lM31jEl568	32906
獅子神レオナ	綺羅星ウタ×獅子神レオナ「革命デュアリズム」歌ってみた	No0UxRe5IE4	49475
獅子神レオナ	【時をかける少女】変わらないもの / vo.獅子神レオナ【歌ってみた】	WBQv67L5VZY	59125
獅子神レオナ	【OBK‘S】神のまにまに【歌ってみた】	Inbifi8dDMw	120081
獅子神レオナ	【マクロスΔ】いけないボーダーライン / vo.獅子神レオナ & 水瓶ミア【歌ってみた】	_m6ylUQ9_nQ	112632
獅子神レオナ	【UNISON SQUARE GARDEN】シュガーソングとビターステップ / vo.獅子神レオナ【歌ってみた 】	k85XEb9j-mw	139944
獅子神レオナ	【コレサワ】たばこ / vo.獅子神レオナ【歌ってみた】	W5eCr-_rl9I	93932
獅子神レオナ	【DECO*27】ヒバナ / vo.獅子神レオナ【歌ってみた】	BV406hFrDk8	360231
獅子神レオナ	【ONE OK ROCK】Wherever you are / vo.獅子神レオナ【歌ってみた】	mMYaDs75Z2E	78613
獅子神レオナ	【OBK‘S】好き！雪！本気マジック【歌ってみた】	d2HPMxnK2x4	37526
獅子神レオナ	【back number】クリスマスソング / vo.獅子神レオナ【歌ってみた】	ftk4DxmmIBY	270449
獅子神レオナ	【あいみょん】愛を伝えたいだとか / vo.獅子神レオナ【歌ってみた】	kNQePK_J9rs	100236
獅子神レオナ	【ソロで】灰色と青 / vo.獅子神レオナ【歌ってみた】	T9s6NRLezDc	144551
獅子神レオナ	【生きて】命に嫌われている。 / vo.獅子神レオナ【歌ってみた】	Y78khzdJMJE	342703
獅子神レオナ	【歌ってみた】告白予行練習 / vo.獅子神レオナ【VTuber】	IYfEhy3HEjQ	37445
獅子神レオナ	【歌ってみた】劣等上等 Giga / 水瓶ミア×獅子神レオナ【VTuber】	ZTQLWq8BYP8	36622
獅子神レオナ	【歌ってみた】チェチェ・チェック・ワンツー / vo.獅子神レオナ【VTuber】	WoLWZ3wmSoY	45340
獅子神レオナ	【女性が歌う】TEENAGE RIOT（米津玄師） / vo.獅子神レオナ / 『GATSBY COP』CMソング【VTuber】	n6jW9CGlD4A	152633
獅子神レオナ	【本気のバラード】ラプンツェル / 獅子神レオナ【歌ってみた】	ZS-rrnpB10E	60535
獅子神レオナ	【女性が歌う】Flamingo（米津玄師）/ vo.獅子神レオナ【VTuber】	4lESqW6hZ0k	686518
獅子神レオナ	【歌ってみた】ラズベリー＊モンスター/ vo.獅子神レオナ 【VTuber】	5g4jAgRkvvA	47220
獅子神レオナ	【歌ってみた】PLATONIC GIRL みきとP / 獅子神レオナ×花鋏キョウ【VTuber】	K2Chm_HEPU8	188034
獅子神レオナ	【歌ってみた】シャルル/vo.獅子神レオナ【VTuber】	UhOADo8Wm0g	205952
獅子神レオナ	ロキ 歌ってみた【花鋏キョウ×獅子神レオナ】	DN_KpMjdMUM	787515
結城リノ	【歌ってみた】チュルリラ・チュルリラ・ダッダッダ！ / 和田たけあき【LIVE Ver.】結城リノ	hZz8OBtNQSc	1596
結城リノ	[4K 60fps] ゴーストルール feat. 初音ミク / DECO*27【歌ってみた】結城リノ (Ghost Rule feat. Hatsune Miku)	4cebzQwBWLE	7913
結城リノ	【3D LIVE】エイリアンエイリアン / ナユタン星人【歌ってみた】- 結城リノ	2FwoFK5fjcw	3073
結城リノ	【生歌】Lemon / 米津玄師【歌ってみた】結城リノ	dfHrsMU-lS0	8178
結城リノ	【4K映像】DECO*27 - 妄想感傷代償連盟 feat. 初音ミク【歌ってみた】結城リノ	q-V7CWiHEJQ	4452
結城リノ	【歌ってみた】シャルル / バルーン - 結城リノ	U0tb-fHQ2b0	12237
結城リノ	【歌ってみた】千本桜 feat. 初音ミク【covered by 結城リノ】	Di7kQyqJfQo	9019
結城リノ	【3D LIVE】おどりゃんせ 歌ってみた - 結城リノ	8CTS0UST7zY	3976
結城リノ	【フル/歌詞付き】HAPPY BIRTHDAY / back number【Cover】（ドラマ「初めて恋をした日に読む話」主題歌）	S__1Mh8sZ1g	8199
結城リノ	【バレンタインに】メルト 歌ってみた【MVフル/歌詞付き】結城リノ-Vsinger-	QM-p5v6cBR0	3216
結城リノ	【ダンスMV】キミノヨゾラ哨戒班 歌ってみた - 結城リノ-Vsinger-	HCSqPtoUeRg	3876
結城リノ	【MV】アスノヨゾラ哨戒班 歌ってみた - 結城リノ-Vsinger-	MQJQVp9TFVo	3150
結城リノ	雪の華 / 中島美嘉（映画『雪の華』主題歌）【歌ってみた】- covered by 結城リノ	G8lnAybbr4g	11807
結城リノ	【女性が歌う】米津玄師 「Flamingo」(Covered by 結城リノ) / ソニー 完全ワイヤレスヘッドホン CMソング	fjK34zMHzKo	7434
結城リノ	【フル/歌詞付き】Aimer『Sailing』ドラマ「レ・ミゼラブル 終わりなき旅路」主題歌（covered by 結城リノ）	k3O9-Rs9790	3076
結城リノ	【オタク趣味は全然ないよ？】君の彼女 歌ってみた - 結城リノ / kimi no kanojo	7hbH7jS5s3M	1551
結城リノ	【フル/歌詞付き】Uru 『プロローグ』歌ってみた(生歌) - 結城リノ　TBS系 火曜ドラマ「中学聖日記」主題歌	iNgRKAGfHTk	1961
結城リノ	【Vtuber】夏の空は未だ明るいままで 歌ってみた - 結城リノ	p3VAVWBPLJc	1563
結城リノ	【チャイナドレスで♡】金星のダンス 歌ってみた - 結城リノ	GiQhWjBczoQ	3377
結城リノ	【3D LIVE】shake it ! 歌ってみた - 結城リノ	32EcK2TN9Fo	2807
結城リノ	【オリジナルMV】サディスティック・ラブ 歌ってみた - 結城リノ	lNeWebIUesI	1145
結城リノ	【オリジナルMV】グリーンライツ・セレナーデ 歌ってみた - 結城リノ	KYyjhtSvljs	5206
結城リノ	【オリジナルMV】おねがいダーリン 歌ってみた - 結城リノ	xmZ0XsWluH0	1398
結城リノ	【歌ってみた】私、アイドル宣言【結城リノ】	WG7Qt_YBWXQ	964
結城リノ	【歌ってみた】君の彼女【結城リノ】	jHNE3O1BDVw	853
結城リノ	【歌ってみた】チュルリラ・チュルリラ・ダッダッダ！【結城リノ】	lIgb2nZiby4	1261
結城リノ	【女だけど歌ってみた】恋をしよう【結城リノ】	2g_ImldtkEM	980
結城リノ	【歌ってみた】花降らし【結城リノ】	LBTHreNnLp4	1317
結城リノ	【歌ってみた】アウトサイダー【結城リノ】	kkp3EV6BkuA	1159
結城リノ	【初投稿】【歌ってみた】チェチェ・チェックワンツー！【結城リノ】	YmE5_U8-tsI	1214
富士葵	【歌ってみた】令和／ゴールデンボンバー【富士葵】	JM4xmnh-aWg	39357
富士葵	【歌ってみた】命に嫌われている。/初音ミク/カンザキイオリ【富士葵】	SfHYSBxPpuw	79793
富士葵	【歌ってみた】シャルル（short MV）／バルーン【富士葵カバーアルバム「声 〜Cover ch.〜」】	jMLL9DYdt0A	56651
富士葵	【歌ってみた】2020応援ソング「パプリカ」【富士葵 / 奏MiMi コラボ】【踊ってみた】	LD41y3tmKLk	48649
富士葵	【歌ってみた】Departures 〜あなたにおくるアイの歌〜/EGOIST　テレビアニメ『ギルティクラウン』エンディングテーマ	3HmZ4lWJyMc	78015
富士葵	【歌ってみた】ダダダダ天使/ナナヲアカリ【富士葵】	nHIqE61zYsM	173357
富士葵	【女性が歌う】Koi/androp  映画『九月の恋と出会うまで』主題歌【富士葵】	Mp0T8WoFn7E	45674
富士葵	【歌ってみた】おとなの掟 / Doughnuts Hole ・ 椎名林檎と松崎ナオ【富士葵】『カルテット』	LraAU_shDKY	111828
富士葵	【富士葵】雪の華/中島美嘉　 映画『雪の華』主題歌【歌ってみた】	9ozaiKTyJ5M	212411
富士葵	【富士葵】I beg you / Aimer【歌ってみた】『Fate/stay night [Heaven's Feel]』	ezGNv5NT0mY	690089
富士葵	【富士葵】恋愛サーキュレーション／千石撫子(花澤香菜)『化物語』【歌ってみた】	A8g6cuODzxc	195761
富士葵	【Cover】クリスマスソングメドレーを歌ってみたよ！2018【富士葵】	xfjT-Bti9Xg	58818
富士葵	【富士葵】月のワルツ／諫山実生／みんなのうた【歌ってみた】	yA8wCtE62fU	315395
富士葵	口だけでカントリーロード歌ってみた / 耳をすませば主題歌/COUNTRY ROADS【富士葵】	JtKUQWPSQr8	163147
富士葵	【富士葵】日々/吉田山田 【歌ってみた】みんなのうた	r7YC2Ti1keU	53951
富士葵	【富士葵】月光/鬼束ちひろ 『TRICK』【歌ってみた】	k6B-isLbj18	524579
富士葵	【富士葵】なんでもないや/RADWIMPS 『君の名は。』 【2018 Cover】	aDnSbeC_kyw	175120
富士葵	【全部俺】Over The Rainbow／富士葵【歌ってみた】『オズの魔法使い』（The Wonderful Wizard of Oz）	W8UOTqazeaU	65710
富士葵	【スマブラSP】 命の灯火／古賀英里奈『スマッシュブラザーズ』【歌ってみた】Super Smash Bros. Special	Wjf1366QIrw	401267
富士葵	【富士葵】今夜このまま／あいみょん『獣になれない私たち』【歌ってみた】	mSg12nizeac	136407
富士葵	【富士葵】蝶々結び／Aimer【歌ってみた】	SVqedq-_Y7Y	203905
富士葵	【富士葵】Flamingo／米津玄師【歌ってみた】	LpFlorv28_A	927861
富士葵	【歌ってみた】君の知らない物語／supercell【富士葵】『化物語ED』	bsgU_M83lJM	266472
富士葵	【歌ってみた】クソダサムーブでエイリアンエイリアン【富士葵】	PLBi20neHbM	213834
富士葵	【富士葵】ピースサイン／米津玄師【歌ってみた】	w2FjVnLyL8o	233477
富士葵	【歌ってみた】Precious ／伊藤由奈『LIMIT OF LOVE海猿』主題歌	gfhs3BTWQPM	85446
富士葵	【歌ってみた】時を刻む唄／Lia 『CLANNAD 〜AFTER STORY〜』	kNzQowN6Z6M	224921
富士葵	【多重録音・全部俺】JUPITER／富士葵【歌ってみた】	WVcny1IhWJ4	143501
富士葵	【歌ってみた】you／癒月『ひぐらしのなく頃に』【弾き語り】	caPn1JQ2enY	387684
富士葵	【歌ってみた】鳥の詩／Lia 『AIR』	_R-khs0_rJU	619812
富士葵	【Cover】射手座☆午後九時Don't be late／シェリル・ノーム starring May'n 『マクロスF』	tAZlcp4mT-g	314828
富士葵	【ZEKKEI】桜坂/福山雅治　Sakurazaka/Masaharu Fukuyama【Cover】	Okb7BGUwHLw	99686
富士葵	【Cover】ウィキッド『魔法使いと私』/Wicked "The Wizard and I"	zrFFXpZa23I	70688
富士葵	【Cover】secret base～君がくれたもの～/ZONE『あの日見た花の名前を僕達はまだ知らない』【ライブ音源】	rjYkPF4_g80	205131
富士葵	Fight!公式応援ソング『君のミライ』	NT9ZqcskfE4	99787
富士葵	【富士葵】新衣装お披露目！！！	8sgkdyHV18A	132915
富士葵	【Cover】赤鬼と青鬼のタンゴ【みんなのうた】	3MoW6LUolb8	73523
富士葵	【Cover】ひこうき雲/荒井由実(松任谷由実)　Hikouki Gumo/Yumi Arai(Yumi Matsutoya)【弾き語り】	YRMvGOA43Sc	131915
富士葵	【Cover】花ハ踊レヤいろはにほ/チーム“ハナヤマタ”『ハナヤマタ』【踊ってみた】	szyhyrYg7Cw	253249
富士葵	【Cover】夏祭り/JITTERIN'JINN・Whiteberry Natsu Matsuri/JITTERIN'JINN.Whiteberry	H6sAxQi8OM0	254042
富士葵	【Cover】夏色/ゆず Natsu Iro/Yuzu	RbBo0ERC90Y	371834
富士葵	【Cover】Rain/大江千里・秦基博 Rain/SenriOhe.MotohiroHata『言の葉の庭』	qhjULwm8tUs	225954
富士葵	【Cover】ライオン／May'n/中島愛 - 富士葵×ときのそらコラボ「そらあお」で歌ってみた	rn54OXCuTZs	1592771
富士葵	【Cover】トライ・エヴリシング/Dream Ami『ズートピア』Try Everything/Dream Ami	vkSFyx2vRkA	94781
富士葵	【Cover】NIPPON/椎名林檎 - NIPPON/Sheena Ringo	pSVdXYWSHxQ	413315
富士葵	【Cover】明日への手紙/手嶌葵『いつかこの恋を思い出してきっと泣いてしまう』Asu e no Tegami/Aoi Teshima	1Nlt9Vy4CuM	184191
富士葵	【Cover】ありがとう/いきものがかり『ゲゲゲの女房』　Arigato/IkimonoGakari"GeGeGe No Nyobo"	ZCF8AiaAd5c	397205
富士葵	【ありがとう】未来への旅立ちの日に	yIOX6MA4B7M	155165
富士葵	【Cover】One more time, One more chance,/山崎まさよし『秒速5センチメートル』	Q6lioMo1Qwg	177130
富士葵	【Cover】Butter-Fly/和田光司『デジモンアドベンチャー』 Butter-Fly/Koji Wada”DIGIMON ADVENTURE”	TtgvPFkWQJo	305672
富士葵	【Cover】卒業写真/松任谷由実 SotsugyoShashin/Yumi Matsutoya	XsyobVYi46Q	114835
富士葵	【Cover】春よ、来い/松任谷由実 Haru Yo Koi/Yumi Matsutoya	v-oX-iq3l0c	499056
富士葵	【Cover】歩いて帰ろう/斉藤和義『ポンキッキーズ』Aruite Kaerou/Kazuyoshi Saito "Ponkickies"	Qr1e-XuGuM8	169227
富士葵	【Cover】フリージア/Uru『機動戦士ガンダム 鉄血のオルフェンズ』Freesia/Uru "Mobile Suit Gundam: Iron-Blooded Orphans"	sPE9vVOWjUE	937117
富士葵	【Cover】3月9日/レミオロメン March 9th/Remioromen	FbqMJ1UucsY	296519
富士葵	【Cover】サザンカ/SEKAI NO OWARI　SAZANKA/SEKAI NO OWARI	8CNM6H_FKDY	138259
富士葵	【Cover】変わらないもの/奥華子『時をかける少女』Kawaranai Mono/Oku Hanako "The Girl Who Leapt Through Time"	qeGDonntEzI	418014
富士葵	☆4万人登録ありがとう☆【Cover】Tomorrow/アニー＜ミュージカル＞	q9Esydf9EyI	102351
富士葵	【Cover】奏(かなで)/スキマスイッチ『一週間フレンズ。』Kanade/Sukima Switch "One Week Friends"	_E6f7gHX0R8	347872
富士葵	【Cover】富士葵、スーザンボイルと呼ばれて　夢やぶれて/Les Misérables	5nH5mFg9xYA	206697
富士葵	【Cover】希望という名の光/山下達郎  A Ray of Hope/Tatsuro Yamashita	a1POL45GTTI	107816
富士葵	【Cover】セーラームーンメドレー『美少女戦士セーラームーン』Sailor Moon medley『Sailor Moon』	BNckc2vaK0M	141372
富士葵	【Cover】炎のたからもの/BOBBY『カリオストロの城』Treasures of Time/BOBBY "THE CASTLE OF CAGLIOSTRO"	lMDs6mHrGVk	152637
富士葵	【Cover】テルーの唄/手嶌葵『ゲド戦記』Therru's Song/Aoi Teshima "Tales from Earthsea"	CLvFdndsRuk	418839
富士葵	【Cover】前前前世(movie ver.)/RADWIMPS 『君の名は。』 Zenzenzense "Your Name"	rNcmaeY37rM	263254
富士葵	【応援】葵の感謝の気持ちを伝えます。Cover:ファイト！/中島みゆき【富士葵】	-7-DiqcyeXw	168640
富士葵	【Cover】なんでもないや/RADWIMPS 『君の名は。』 Nandemonaiya "Your Name"	2icJhamXyA0	979073
富士葵	【Cover】クリスマスソングメドレーを歌ってみたよ！【富士葵】	ggTm4YPeGxw	159496
富士葵	【Cover】スパークル/RADWIMPS 『君の名は。』 Sparkle "Your Name"	2z2qTuiwfrM	498455
町田ちま	【歌ってみた】変わらないもの／奥華子【町田ちま】	Cch-8tl4z2g	131249
町田ちま	【歌ってみた】打上花火【町田ちまとゴンザレス】	5hhpkY0Ht6w	57155
町田ちま	【アカペラ】未来へ/Kiroro【町田ちま】	dB3UEHDBqE8	13326
町田ちま	【アカペラ】ありがとう/いきものがかり【町田ちま】	dLDDvmNMNUU	14840
町田ちま	【歌ってみた】フリージア/Uru【町田ちま】	h41KFaq4UXc	114931
町田ちま	【アカペラ】Twitterお歌まとめ+α【町田ちま】	Y1mHQZbD3Eo	19549
町田ちま	【歌ってみた】いのちの名前/木村弓【町田ちま】	wYoY15CQUgo	22250
町田ちま	いのちの名前/町田ちま－VTM HIMARI MIX ver.－	hb4af3Dsv6g	8611
える	【歌ってみた】ハロ/ハワユ【手描きPV】	d1CR_M0Bvec	85355
える	【歌ってみた】秘蜜～黒の誓い～【手描きPV】	Kj9TcSh19ZM	28440
える	えるかざガクのヘンテコディナー	VDYnU6GTwUs	66429
虹河ラキ	#26 「君の知らない物語」｜歌ってみた【虹河ラキ/VTuber】	T39QLAMhruI	55342
虹河ラキ	#34【歌ってみた】「時計仕掛けの夢」【虹河ラキ/VTuber】	Fn9YxucRNOc	23067
虹河ラキ	「Joy to the world」歌ってみた【虹河ラキ】	A9Ah8ml6TzU	7407
虹河ラキ	「もろびとこぞりて」歌ってみた【虹河ラキ】	qnFbT7FOmkw	8427
虹河ラキ	「青い栞」（Arranged by yuigot） ショートver「IMAGINATION vol.1」より【虹河ラキ】	HxnaBlZUd38	16683
虹河ラキ	「惑星ループ」歌ってみた【虹河ラキ】	0SU--Oo5imc	21087
AZKi	【黒AZKi】名も無き囚人 歌ってみた AZKi【初音ミク】	hwkAWFw8njM	7928
AZKi	【あいみょん】マリーゴールド 歌ってみた AZKi&星乃めあ【コラボ】	4UEQFnENMUw	13604
AZKi	【ピコンピコン】ハートサーモグラフィー 歌ってみた AZKi【周防パトラ】	3NgN2CvLgT4	9272
AZKi	【マクロスF】ライオン 歌ってみた AZKi&千条アリア【コラボ】	JJsSEUk8vxc	21607
AZKi	【花譜】糸 歌ってみた AZKi【絡まる意図が濡れて解けなくて】	5Pmt9gVmvmM	14836
AZKi	【花譜】心臓と絡繰 歌ってみた AZKi【この気持ちは全部私のものだ】	jKJ5a7gVkH8	18817
AZKi	【ヨルシカ】ただ君に晴れ 歌ってみた AZKi【君のポケットに夜が咲く】	_JoXN6LdcDY	18824
AZKi	【ずとまよ】秒針を噛む 歌ってみた AZKi【みんなに教えてもらった】	Gni3co__EPI	105862
AZKi	【コレサワ】たばこ 歌ってみた AZKi【JPOP初挑戦！】	UnM2_ddXNYk	17453
AZKi	【私の進化の】二息歩行 歌ってみた AZKi【1ページ目】	aQ6Hir0wlVg	106851
AZKi	【とらドラ！】オレンジ 歌ってみた AZKi【オレンジ】	7o_YL35T93w	679671
AZKi	【セブンティーンな】セブンティーナ 歌ってみた AZKi【フォーチュネス】	qokrSyGZTiM	28799
AZKi	【歌ってみた】イヤイヤちゃんのうた【MIXもAZKi】	f8F8yNVDUEo	14707
AZKi	【ギルティクラウン】My Dearest 歌ってみた AZKi【supercell】	lxJ7SXMEPto	25475
AZKi	【アニソン】only my railgun 歌ってみた AZKi【初挑戦】	O4Oz8Gn6oDY	30846
AZKi	【Do you love】Sweet Devil 歌ってみた AZKi【sweet devil?】	VAvd842cCYM	564164
AZKi	【声を枯らして】Just Be Friends -piano.ver- 歌ってみた AZKi【叫んだ】	SdgFVX0FsgE	120864
AZKi	【1stオリジナルソング】Creating world【開拓するの私の世界】	ZkvtKUQp3nM	433219
AZKi	【2ndオリジナルソング】リアルメランコリー【私と似てる気持ちの君へ】	ad-6W3bazMs	106740
AZKi	【3rdオリジナルソング】フェリシア/AZKi【AZKi WHiTE】	JZTVchX8qJs	255371
AZKi	【4thオリジナルソング】I can't control myself/AZKi【AZKi BLaCK】	tum7dljV2ts	391038
AZKi	【5thオリジナルソング】ひかりのまち/AZKi【AZKi BLaCK】	SKy71bCcOyg	13783
AZKi	【6thオリジナルソング】Starry Regrets/AZKi【AZKi WHiTE】	5QJfWQrdQEY	11215
AZKi	【7thオリジナルソング】Fake.Fake.Fake/AZKi【AZKi BLaCK】	lGXgYHlR8ww	11587
AZKi	【8thオリジナルソング】いのち/AZKi【AZKi WHiTE】	-VQx0MtsvSQ	4576
皆守ひいろ	『みんなのひいろ』【皆守ひいろイメージソング】	_O7emDO6dDs	2781
皆守ひいろ	【Cover】いのちの名前 / 皆守ひいろ 【生誕記念】	OPByokAk_C4	12550
皆守ひいろ	【半年記念】心拍数#0822 -piano ver- / 皆守ひいろ 🌻	jcWRtTEIvlQ	18738
皆守ひいろ	【歌ってみた】ぶいちゅっばの歌 / 皆守ひいろ 🌻	MUQTdeDke1M	17797
皆守ひいろ	【１万人記念】ピースサイン -piano ver- / 皆守ひいろ 🌻	oXKnpHOg4Zw	74691
ヒメヒナ	【1周年記念】いーあるふぁんくらぶ【歌って踊ってみた！】	3h6qU080brA	441488
ヒメヒナ	HIMEHINA『 ヒトガタ』MV	J8PUUv4LFkQ	5388937
ヒメヒナ	HIMEHINA『ロキ(Cover)』MV	mtb-qa8xvFU	2259648
ヒメヒナ	HIMEHINA『太陽系デスコ (Cover)』MV	DdqEdO4EOuU	2949784
ヒメヒナ	HIMEHINA『劣等上等(Cover)』MV	il4cAeVzZwI	8188847
ヒメヒナ	HIMEHINA『ようこそジャパリパークへ(Cover) 』MV  feat.ばあちゃる48/ねこます	He6NNULUom0	1481358
ヒメヒナ	【田中ヒメ耐久】ECHO　女児語で歌って踊ってみた	H2wdu1ndmmI	880531
水瓶ミア	エメラルドシティ / emerald city - TOKOTOKO(西沢さんP)  feat.水瓶ミア【歌ってみた】	w_i0vzngMIo	10211
水瓶ミア	【オリジナルMV】Booo! - TOKOTOKO（西沢さんP） feat.水瓶ミア【歌ってみた】	A_FSgbyq2bE	9330
水瓶ミア	【歌って作ってみた】いーあるふぁんくらぶ　short ver.【水瓶ミア】	bM_RxY48DUk	3503
水瓶ミア	【女性が歌う】Flamingo（米津玄師）/ vo.水瓶ミア / SONY 完全ワイヤレスヘッドホン CMソング【VTuber】	sxDsj1-8xcI	14673
水瓶ミア	【女性が歌う】TEENAGE RIOT（米津玄師） / vo.水瓶ミア / 『GATSBY COP』CMソング【VTuber】	8A1NXt4JyDg	4972
水瓶ミア	【歌ってみた】ハートトゥハート / heart to heart  - TOKOTOKO（西沢さんP） feat.水瓶ミア	3OdNuJasK4s	3564
水瓶ミア	【歌ってみた】劣等上等 Giga / 水瓶ミア×獅子神レオナ【VTuber】	ZTQLWq8BYP8	36622
水瓶ミア	【水瓶ミア】ビースト・ダンス - 和田たけあき(くらげP) / Beast Dance - Kurage【歌ってみた】	qMYNR5MycYY	6229
水瓶ミア	【歌ってみた】エイリアンエイリアン   ナユタン星人 【水瓶ミア】	-czXh7jbvNc	2836
水瓶ミア	【VTuber】雨とペトラ / バルーン(covered by 水瓶ミア)	v1QrP98m6lo	9491
水瓶ミア	【VTuber】シャルル / 水瓶ミア【歌ってみた】	p2VLnMCfRL4	4844
水瓶ミア	【VTuber】カゲロウデイズ / 水瓶ミア【歌ってみた】	9uLRCpOwM5E	10623
水瓶ミア	【歌ってみた】DECO*27 - 妄想感傷代償連盟 feat. 水瓶ミア	bzLI7ovt2hY	25668
水瓶ミア	【歌ってみた】supercell - さよならメモリーズ feat. 水瓶ミア	eCT2zvj-isY	2812
水瓶ミア	【歌ってみた】└ ∵ ┐私、アイドル宣言 ／CHiCO with HoneyWorks【水瓶ミア】	EPSwt9iQQt8	2378
水瓶ミア	┗ ∵ ┓ミスター・ダーリン／HoneyWorks feat 水瓶ミア 【VTuberが歌ってみた】	7xoDlIAHn8g	1159
水瓶ミア	ムーンライト。	iN139b5hOT8	544
水瓶ミア	【マクロスΔ】いけないボーダーライン / vo.獅子神レオナ & 水瓶ミア【歌ってみた】	_m6ylUQ9_nQ	112632
水瓶ミア	【オリジナル楽曲】Re:A projecT『Since-Re:ly ～シンシアリー～』【Re:AcT】	8xfeej2eC2U	14370
水瓶ミア	【リアクト女子4人で】ガールズトーク【歌ってみた】	JkfWp4focFU	6682
水瓶ミア	【水瓶ミア】Hello, Morning【歌ってみた】	c2IAhf1c-jU	1223
水瓶ミア	【オリジナル楽曲】Re:A projecT 『風になれ恋心』【Re:AcT】	67D75oChdew	975
因幡はねる	ハロ／ハワユ (hello / How are you) を50,000人記念に歌ってみたよ【因幡はねる / あにまーれ】	4Pj3Xur2kGU	32846
因幡はねる	おねがいダーリン 歌ってみたよ【因幡はねる / あにまーれ】	vkv2Zympksg	36110
因幡はねる	【ねるらん】こちら、幸福安心委員会です。/うたたP 歌ってみたよ【因幡はねる＆日ノ隈らん / あにまーれ】	j25TO8dJopI	13137
因幡はねる	角田信朗の「よっしゃあ漢唄」を歌ってみたよ【因幡はねる / あにまーれ】	zuvwNhqXG9w	23547
シスター・クレア	【CCさくら】Catch You Catch Me🌸歌ってみた【シスター・クレア】	LqxwWFjP4qg	24761
シスター・クレア	【歌】シスター・クレアイメージソング pray 【第三弾歌わせて頂きました】	KcHmaqme-wU	10286
シスター・クレア	シスター・クレアイメージソング第二弾「花に祈りを、あなたに愛を」	JWeasOQUtC4	18153
シスター・クレア	シスター・クレアイメージソング第一弾「しゅわしゅわナインティーン」	D3aaXlaK0qo	20830
シスター・クレア	おねがいダーリン シスター・クレア	1QY4ex7oLd4	192957
夜霧メイ	【歌ってみた】孤独の果て／光収容（cover 夜霧メイ）【VTuber】	D9n5f-HYddM	2262
夜霧メイ	【歌ってみた】StargazeR／夜霧メイ【VTuber】	_2QVU7fwqjQ	3837
夜霧メイ	【Eve】ラストダンス 歌ってみた【夜霧メイ】	aZwJ1sF--AQ	4587
夜霧メイ	白い雪のプリンセスは 歌ってみた - 夜霧メイ【Vtuber】	0UQsJAEh2XY	5753
夜霧メイ	【歌ってみた】スイートマジック／夜霧メイ【Vtuber】	0_65Dex9S3k	5260
夜霧メイ	【じーざすP】ぼうけんのしょがきえました！ / vo.夜霧メイ＆多々星シエル【歌ってみた】	BZ3F4vgFugw	5953
夜霧メイ	しんでしまうとはなさけない！ / vo.多々星シエル＆夜霧メイ【歌ってみた】	Y9sefVNyjaU	10879
夜霧メイ	打上花火/DAOKO × 米津玄師(Covered by 花鋏キョウ & 夜霧メイ)	fiY2Dug7U-s	69018
夜霧メイ	【歌ってみた】君の体温／夜霧メイ 【vtuber】	KUgw1imR46E	9212
夜霧メイ	【米津玄師】砂の惑星 feat.初音ミク/ハチ -cover 夜霧メイ【vtuber】	MxH60Se7Myc	9739
夜霧メイ	【歌ってみた】メランコリック/夜霧メイ【vtuber】	Eu-s8pNXaFg	13228
夜霧メイ	【Vtuber】ウミユリ海底譚 by 夜霧メイ【歌ってみた】	wEIicDrerM8	7270
夜霧メイ	【VTuber】ドラマツルギー／夜霧メイ【歌ってみた】	6dmC6jdGI30	25601
ヒヅキミウ	ロキ - みきとP(cover)／ヒヅキミウ【一人で歌ってみた】#012	fjxJAkA567M	65995
ヒヅキミウ	米津玄師 Flamingo / Covered by ヒヅキミウ【歌ってみた】	yN0HVfp3_hI	43821
ヒヅキミウ	ハロ／ハワユ 歌ってみた 【公開収録曲】- ヒヅキミウ #30	5ZbkZ6eq2MQ	11961
ヒヅキミウ	恋愛サーキュレーション歌ってみた【公開収録曲】/ヒヅキミウ	qhEo3Ig1Zp4	6554
ヒヅキミウ	歌ってみた【ミウカバーまとめpart1】作業用BGM	4lMZ83lE2lM	2455
ヒヅキミウ	だんだん早くなる【歌ってみた】covered by ヒヅキミウ	ZvJ7x145L_0	10690
ヒヅキミウ	乙女解剖/DECO*27【歌ってみた】Cover ヒヅキミウ	Y8DsY1u8cXQ	14681
ヒヅキミウ	ヒトガタ(HIMEHINA)【歌ってみたコラボ】TVアニメ「バーチャルさんはみている」ED曲 ヒメヒナカバー：ヒヅキミウ × 内海陽乃	RItYp6NMUXk	22070
ヒヅキミウ	愛言葉Ⅲ歌ってみた - DECO*27 / カバー:ヒヅキミウ	MOdh_-yFAhE	560
綺羅星ウタ	【わがまま聞いて？】ワールドイズマイン ／綺羅星ウタ【今すぐによ♡】歌ってみた	hBOwQwaJ_fs	5717
綺羅星ウタ	【ヨルシカ】ヒッチコック/ver.綺羅星ウタ【歌ってみた】	l_1z20GYa88	4707
綺羅星ウタ	【歪んだ女が】スクランブル交際 ／綺羅星ウタ【愛を突いて歌ってみた】	hEKezwdthjc	24494
綺羅星ウタ	【やっと好きって言えたVtuberが】さよならメモリーズ／綺羅星ウタ【歌ってみた】	q3YqkY9Erc4	6768
綺羅星ウタ	【獅子神レオナ＆綺羅星ウタ】　再教育　【歌ってみた】	Qs4x4Ko4rAY	39101
綺羅星ウタ	【ねぇ〇〇してくれる？///】おねがいダーリン／綺羅星ウタ【歌ってみた】	Irub5EtKgtA	7176
綺羅星ウタ	【メンヘラ女が】乙女解剖／綺羅星ウタ【原キーで歌ってみた】	fnWO7cv8YuQ	131095
綺羅星ウタ	ヒバナ／DECO*27（Cover by 綺羅星ウタ）【歌ってみた】	4PiKmy6nFJo	16017
綺羅星ウタ	ベノム / かいりきベア（Cover by 綺羅星ウタ）【歌ってみた】	aOrvFU7OCRE	33382
綺羅星ウタ	ジグソーパズル/綺羅星ウタ【歌ってみた】	i23gojoUB9g	11101
綺羅星ウタ	【女性が歌う】back number / クリスマスソング（Cover by 綺羅星ウタ）【vtuber】	ObE94rXhv18	5440
綺羅星ウタ	愛言葉Ⅲ - DECO*27(Cover) / 綺羅星ウタ【歌ってみた】	mhoCEhPIou8	10492
綺羅星ウタ	【女性が歌う】そっけない/RADWIMPS(Covered by 綺羅星ウタ)	4Z_vNfSZ7iQ	7058
綺羅星ウタ	【艦これOP】海色(みいろ) 歌ってみた ver.綺羅星ウタ	0na5fceNslU	20514
綺羅星ウタ	太陽系デスコ / ナユタン星人(cover) - 綺羅星ウタ【歌ってみた】	ckbIK9sqs98	12236
綺羅星ウタ	【歌ってみた】夜明けと蛍 ／ヨルシカ【cover by 綺羅星ウタ(vtuber)】	5t8H3A8bsAQ	11214
綺羅星ウタ	Hello,Morning／綺羅星ウタver.【歌ってみた】	YaTAFzxuF40	7010
綺羅星ウタ	私、アイドル宣言 ／CHiCO with HoneyWorks【歌ってみた】ver.綺羅星ウタ	24bwcvdWRUU	8444
綺羅星ウタ	【Kagayaki Stars】セツナトリップ／綺羅星ウタ【歌ってみた】	QEXbMZ-k9Ck	16958
双理マイ	【天声に】ダダダダ天使/歌ってみたver.双理マイ【ナナヲアカリ】	yww1XhzPZMY	51305
双理マイ	【天声に】ドナーソング/vo:双理マイ【歌ってみた】	9VhExJPnQEM	5269
双理マイ	【天声に】ダダダダ天使/歌ってみたver..双理マイ【ナナヲアカリ】	Fi1AZKsQ1IU	7151
双理マイ	【中毒性MAXで天声に】無頼ック自己ライザー/vo.双理マイ【歌ってみた】	ONfon5WvejE	13775
双理マイ	【天声に心を込めて】心做し（オリジナルPV）/vo.双理マイ【歌ってみた】	Ih9drJnAYfI	6149
双理マイ	【天声に】ミスター・ダーリン/HoneyWorks/Vo.双理マイ【歌ってみた】	dzjBGDrMfWM	3901
双理マイ	【天声に】愛言葉Ⅲ / vo.双理マイ【愛を込めて歌ってみた】	N1vE_zgnwjc	9312
双理マイ	夢ファンファーレ ／ 花鋏キョウ×双理マイ【歌ってみた】	AAbLoF-zc_8	64816
双理マイ	【OBK‘S】好き！雪！本気マジック【歌ってみた】	d2HPMxnK2x4	37526
双理マイ	【米津玄師】TEENAGERIOT / vo.双理マイ【天声に歌ってみた】	rztdjDiHvWg	4746
双理マイ	小さなライオン ／ 双理マイ×花鋏キョウ【歌ってみた】	kX1Yyv6LWps	17270
双理マイ	【OBK‘S】神のまにまに【歌ってみた】	Inbifi8dDMw	120081
双理マイ	【天声に】君の知らない物語supercell Cover 【LIVEで歌ってみた】	RtBEpiqpO-c	11291
双理マイ	【甘くとろける】チョコレイト・ディスコ/Perfume【歌ってみた】	37HiMdhEsjk	6821
双理マイ	【劇場版SAO】Catch The moment/LiSA-双理マイVer.【歌ってみた】	HOtzFRYyDAg	8819
双理マイ	【天声に】奏−スキマスイッチ−Cover.双理マイ~一週間フレンズ主題歌~【歌ってみた】	jXtbXGN137k	7985
双理マイ	ロキ 歌ってみた【多々星シエル×双理マイ】	eAtVu6qtC5s	10550
双理マイ	【天声に】おじゃま虫 / vo.双理マイ【歌ってみた】	bbcecREAby4	5563
双理マイ	【天声に】Wishing-レム/Re:ゼロから始める異世界生活-cover.双理マイ【歌ってみた】	e2hIH6BYw_s	5985
双理マイ	【リアクト女子4人で】ガールズトーク【歌ってみた】	JkfWp4focFU	6682
双理マイ	【天声に】ベノム/vo.双理マイ【歌ってみた】	Z-jM0NUgb7E	3990
多々星シエル	【リアクト女子4人で】ガールズトーク【歌ってみた】	JkfWp4focFU	6682
多々星シエル	【誕生日に】39 / 多々星シエル【歌ってみた】	J65E_ed_VAM	3421
多々星シエル	【オリジナル楽曲】Re:A projecT 『急上昇ガールズ』【Re:AcT】	8r9ouNl0oy0	9962
多々星シエル	【女性が歌う】LOSER / 米津玄師( Covered by 多々星シエル)	syQ02Wh9mPE	4871
多々星シエル	【オリジナル楽曲】Re:A projecT『Since-Re:ly ～シンシアリー～』【Re:AcT】	8xfeej2eC2U	14370
多々星シエル	虎視眈々 / 多々星シエル【歌ってみた】	8c4EzdSNyWo	7409
多々星シエル	ロキ 歌ってみた【多々星シエル×双理マイ】	eAtVu6qtC5s	10550
多々星シエル	【OBK'S】桜ノ雨【歌ってみた】	GdRNa72_3hU	45168
多々星シエル	ドラマツルギー by 多々星シエル【歌ってみた】	OiMv0kRLmQU	15161
多々星シエル	tete-a-tete / 多々星シエル【歌ってみた】	iiEJpByh32I	5202
多々星シエル	【OBK‘S】神のまにまに【歌ってみた】	Inbifi8dDMw	120081
多々星シエル	【じーざすP】ぼうけんのしょがきえました！ / vo.夜霧メイ＆多々星シエル【歌ってみた】	BZ3F4vgFugw	5953
多々星シエル	しんでしまうとはなさけない！ / vo.多々星シエル＆夜霧メイ【歌ってみた】	Y9sefVNyjaU	10879
多々星シエル	【OBK‘S】好き！雪！本気マジック【歌ってみた】	d2HPMxnK2x4	37526
多々星シエル	【二人で歌う】Lemon / 多々星シエル×ゆにゆにこ【歌ってみた】	5pXwLz07tXI	10250
多々星シエル	LiSA 『ADAMAS』Cover by 多々星シエル（TVアニメ「ソードアート・オンライン アリシゼーション」OPテーマ）	OYwNrAyzLeI	9319
多々星シエル	【初コラボ】一度だけの恋なら - ゆにゆにこ × 多々星シエル《MV Vtuber》	8l4pVGkapqQ	12998
多々星シエル	【逢いにきて】気まぐれメルシィ / vo.多々星シエル【歌ってみた】	qIUyIOvS8HE	11472
多々星シエル	心做し / 多々星シエル【歌ってみた】	3lJ8-SuZilE	7119
多々星シエル	【女性が歌う】TEENAGE RIOT（米津玄師）/ vo.多々星シエル / 『GATSBY COP』CMソング【VTuber】	xXruNs5kzaA	15170
多々星シエル	【女性が歌う】Flamingo（米津玄師）/vo.多々星シエル/SONY 完全ワイヤレスヘッドホン CMソング【VTuber】	3PC1PnH8JZk	55597
多々星シエル	【カガスタ第2弾ハロウィンソング】『ホーンテッド・パーティナイト』Full Ver.	GPohIBa2sGc	28050
多々星シエル	Sweet Devil ／多々星シエル【歌ってみた】	p2UMfG8w8L0	7285
多々星シエル	恋愛裁判 ／多々星シエル【歌ってみた】	JO72VNKaV5E	8099
多々星シエル	右肩の蝶/多々星シエル 【歌ってみた】	ASDKbi_C0TU	12371
多々星シエル	【歌ってみた】Carry Me Off  / 多々星シエル 【Kagayaki Stars】	3gM0H6jjekU	13267
丑牡てぃあ	少女レイ／みきとP(cover) ver.丑牡てぃあ【歌ってみた】	tZvQdE9aE-8	14328
丑牡てぃあ	世田谷ナイトサファリ／みきとP(cover) ver. 丑牡てぃあ 【歌ってみた】	rzbNDwiKcWY	4166
丑牡てぃあ	ロキ 歌ってみた【丑牡てぃあ】	5OV_rEcDy5Q	18105
丑牡てぃあ	「クノイチでも恋がしたい」を歌ってみた【かなてぃあ】	2m5U6YC9wtM	3917
丑牡てぃあ	【歌ってみた】夢ファンファーレ - 丑牡てぃあ × 獅子神レオナ	6tJo5NWpdMQ	7652
丑牡てぃあ	『劣等上等』を歌ってみた【かなてぃあ】	WoGmTXKmXGc	6825
千条アリア	【MYTH & ROID】Paradisus-Paradoxum／夜乃ノア【COVER】	nOWwZnjI6lA	17308
千条アリア	【MMD】好き！雪！本気マジック／千条アリア【歌って踊ってみた】	PpXA6T35Nf8	39207
千条アリア	【MMD】おねがいダーリン/千条アリア【歌って踊ってみた】	KEezJNtTx1Y	20690
千条アリア	【花奏かのん×千条アリア】丸の内サディスティック 歌ってみた【誕生日おめでとう】	I0gfcx2GfqY	4148
千条アリア	【千条アリア】少女レイ  みきとＰ【cover】	cbxh9vdwgvI	10752
千条アリア	【千条アリア】DECO*27 - 愛言葉Ⅲ 【cover】	DkSfzGntEmY	12889
千条アリア	パズルガール 歌ってみた【千条アリア】	bMM87E6APOU	14753
千条アリア	おねがいダーリン 歌ってみた【千条アリア】	j7-YXDpD1QE	9829
千条アリア	【即興】風になる を歌ってみた。【千条アリア】	pB7D3WiPdWA	5341
ちくわ	【東京喰種】unravel (acoustic version) - 凛として時雨 / (Covered by ちくわ) 歌ってみた	v8AzTtJwBzo	14826
ちくわ	【10周年】ロミオとシンデレラ - 初音ミク / (Covered by ちくわ) 歌ってみた	W2UPF1kf6fo	15632
ちくわ	灰色と青 - 米津玄師+菅田将暉 / (Covered by ちくわ&竹花ノート) 歌ってみた	kp6iiW_wMrY	54493
ちくわ	廃都アトリエスタにて / (Covered by ちくわ) 歌ってみた	PwQVUMuEPsY	10215
ちくわ	Flamingo - 米津玄師 / (Covered by ちくわ) 歌ってみた	KugjsnbjJEE	271637
ちくわ	【一人二役で】ロキ / ちくわ【歌ってみた】	_xsACc507t4	29075
ちくわ	からくりピエロ  / ちくわ【歌ってみた】	fYR5GhCD-WY	19380
ちくわ	ゴリラ×ちくわオンステージ「Mrs Pumpkinの滑稽な夢/ハチ」	Rx0YE8pKKtQ	57543
ちくわ	君の知らない物語 / ちくわ【歌ってみた】	NDKSDxhQxtc	27833
ちくわ	シャルル / ちくわ【歌ってみた】	XNS90rp_9kY	126430
ちくわ	ゴリラ×ちくわオンステージ「打上花火/DAOKO×米津玄師」	SYjZMjAhgmo	214974
ちくわ	【SAO】Crossing Field / ちくわ【歌ってみた】	5jEEc-738iE	27188
ちくわ	【カードキャプターさくらOP】プラチナ / ちくわ【歌ってみた】	IpO7S8o2NQ8	13579
ちくわ	【セーラームーン】ムーンライト伝説 / ちくわ【歌ってみた】	X3SyK4TpIx8	7829
ちくわ	すーぱーぬこわーるど / ちくわ【歌ってみた】	OiXNiC-3MgE	15647
ちくわ	エイリアンエイリアン / ちくわ 【歌ってみた】	M86C3Mo4Ro8	46060
星乃めあ	ともに - WANIMA (Cover) / 星乃めあ【歌ってみた】	jOY0tsz3bo4	2236
星乃めあ	君はロックを聴かない - あいみょん(弾き語りCover) / 星乃めあ【歌ってみた】	NMzPwJHEZnI	7660
星乃めあ	ドラマツルギー - Eve (Cover) / 星乃めあ【歌ってみた】	l4_4Z6ytDvY	15499
星乃めあ	ハルノヒ - あいみょん(Cover) / 星乃めあ【歌ってみた】「映画クレヨンしんちゃん 新婚旅行ハリケーン ～失われたひろし～」主題歌	XsWvk3OxWzE	6303
星乃めあ	まちがいさがし - 菅田将暉 × 米津玄師 (Cover) / 星乃めあ (米津玄師 提供楽曲『パーフェクトワールド』主題歌)弾き語りshort ver	_8bKJAVKsVs	6477
星乃めあ	Wherever you are - ONE OK ROCK (Cover) / 星乃めあ【歌ってみた】	pnDQLLdz308	10274
星乃めあ	I can't control myself/AZKi(Cover) / 星乃めあ【歌ってみた】	2Xtbjzgkep0	7028
星乃めあ	【歌ってみた】 ペトリコール - MonsterZ MATE / 星乃めあ ( 弾き語りCover )	qpuszQCgfuE	5867
星乃めあ	ヒバナ - DECO*27(Cover) / 星乃めあ【歌ってみた】	FdM33LZlM8k	20418
星乃めあ	泡沫夢幻 - 朝ノ瑠璃(Cover) / 星乃めあ【歌ってみた】	l7-NQL4fI5E	8144
星乃めあ	スクランブル交際 - DECO*27 (Cover) / 星乃めあ 【歌ってみた】	FPVRFhXcu0U	20436
星乃めあ	ブレンドキャラバン - ときのそら(弾き語りCover) / 星乃めあ【歌ってみた】デビューアルバム 『Dreaming!』リリースおめでとうございます！（Short ver.）	1B9NbTmIpLo	3993
星乃めあ	【コラボ】夜咄ディセイブ - じん / 音羽ララ × 星乃めあ (Cover)【歌ってみた】	Q3ThnDOa_kQ	12310
星乃めあ	Say チーズおかき - キズナアイ(Cover) / 星乃めあ【歌ってみた】	FyGdXbXti74	4984
星乃めあ	桜ノ雨 - 初音ミク (Cover) / 星乃めあ【歌ってみた】	VWB1saZriLA	6587
星乃めあ	【替え歌】 チカっとチカ千花っ♡ (めあっとめあめあっ♡) / 星乃めあ【歌ってみた】TVアニメ『かぐや様は告らせたい～天才たちの恋愛頭脳戦～』ED	A3UyLe4pB28	4802
星乃めあ	ヒトガタ - HIMEHINA (Cover) / 春原つくし × 星乃めあ【歌ってみたコラボ】TVアニメ「バーチャルさんはみている」ED曲 ヒメヒナ	DBqzISyJ1YA	41642
星乃めあ	ゴーストルール feat. 初音ミク - DECO*27 (Cover) / 星乃めあ【歌ってみた】	2LN89yS2fek	18191
星乃めあ	カワキヲアメク - 美波(弾き語りCover) / 星乃めあ【歌ってみた】（TVアニメ「ドメスティックな彼女」オープニングテーマ）	yjScEL0MBIE	24908
星乃めあ	ピースサイン - 米津玄師(Cover) / 星乃めあ【歌ってみた】TVｱﾆﾒ「僕のヒーローアカデミア」OPテーマ Kenshi Yonezu / Peace Sign	n4R8Re2ObTA	11156
星乃めあ	星間飛行 - ランカ・リー(cover) / 星乃めあ【歌ってみた】TVアニメ『マクロスF』オープニングテーマ	iqPdlMS5QGY	10610
星乃めあ	ルーティン - かしこまり(アコースティックCover) / 星乃めあ【歌ってみた】	qzXm-qz7xJ4	10597
星乃めあ	ジェットロケット - LiSA(弾き語りCover) / 星乃めあ【歌ってみた】	72JaxPvT2Cs	7631
星乃めあ	透明声彩 - YuNi(弾き語りCover) / 星乃めあ【歌ってみた】	lVB_FrPxkS4	14436
星乃めあ	乙女解剖 - DECO*27(Cover) / 星乃めあ【歌ってみた】	bYKLPlyIWdk	20714
星乃めあ	夜行性ハイズ - DECO*27(Cover) / 星乃めあ【歌ってみた】	8ZRA5DcUSKU	66449
星乃めあ	眩しいDNAだけ - ずっと真夜中でいいのに。(弾き語りCover) / 星乃めあ【歌ってみた】	maE8K0GyHWY	30618
星乃めあ	太陽系デスコ - ナユタン星人(Cover) / 星乃めあ【歌ってみた】	Braty2YdYHQ	13489
星乃めあ	天使にふれたよ - 放課後ティータイム(Cover) / 星乃めあ【歌ってみた】TVアニメ『けいおん!!』挿入歌	cMGqk5wbdPQ	6440
星乃めあ	エイリアンエイリアン - ナユタン星人(Cover) / 星乃めあ【歌ってみた】	AF1MkAWkWQI	11076
星乃めあ	恋のマシュマロ - たすくこま(Cover) / 星乃めあ【歌ってみた】	UVI9-GCNgLA	7304
星乃めあ	雪の華 - 中島美香(Cover) / 星乃めあ【歌ってみた】映画『雪の華』2019年2月1日（金）公開	umbh3EYFguY	12686
星乃めあ	生きていたんだよな - あいみょん(弾き語りCover) / 星乃めあ【歌ってみた】ドラマ「吉祥寺だけが住みたい街ですか？」オープニングテーマ	VhLBHYNMkjQ	10366
星乃めあ	恋愛サーキュレーション - 千石撫子(花澤香菜) / 星乃めあ【歌ってみた】TVアニメ「化物語」OPテーマソング	ARg70WccJYI	6231
星乃めあ	IGNITE - 藍井エイル(cover) / 星乃めあ【歌ってみた】TVアニメ『ソードアート・オンラインⅡ』OPテーマ曲	Jz_I0jS3rFk	12608
星乃めあ	オーケストラ - BiSH(cover) / 星乃めあ【歌ってみた】	7XxOQY5p68U	7522
星乃めあ	完全感覚ドリーマー - ONE OK ROCK(cover) / 星乃めあ【歌ってみた】※TBS系テレビ「あらびき団」 ２・３月度エンディングテーマ	TspYPWB_Tlw	23919
星乃めあ	【歌ってみた】2018年総まとめ～デビューからの道のり～【Vsinger - 星乃めあ - 】	BmRjgEZEc3g	2662
星乃めあ	Catch the Moment - LiSA(cover) / 星乃めあ【歌ってみた】「劇場版 ソードアート・オンライン -オーディナル・スケール-」主題歌	JyAW0uBpnyE	18687
星乃めあ	【歌ってみたコラボ】水樹奈々×T.M.Revolution『革命デュアリズム』- 星乃めあ × たすくこま【オリジナルMV】TVアニメ「革命機ヴァルヴレイヴ」2nd SEASON オープニングテーマ	N7K8vAyhtYg	27560
星乃めあ	シャルル - バルーン(cover) / 星乃めあ【歌ってみた】	XpKVXi4YatA	23439
星乃めあ	【歌ってみた】ときのそら × アゴアニキ「海より深い空の下」- 星乃めあ【オリジナルMV】	EM1dnCcA7Yw	10315
星乃めあ	【歌ってみた】ときのそら × はるまきごはん「そんな雨の日には」- 星乃めあ【オリジナルMV】	7CpvLw6WnfM	3426
星乃めあ	Pop Virus - 星野源(弾き語りcover) / 星乃めあ【歌ってみた】	a6dJ-WDWbQ0	4131
星乃めあ	アスノヨゾラ哨戒班 - Orangestar(cover) / 星乃めあ【歌ってみた】	1bpz72f1Wvg	11864
星乃めあ	ハッピーエンド - back number(cover) / 星乃めあ【歌ってみた】映画「ぼくは明日、昨日のきみとデートする」主題歌	h9dBTEt_grU	6748
星乃めあ	【歌ってみた】レイメイ - さユり×MY FIRST STORY　うた：星乃めあ×たすくこま【TVアニメ『ゴールデンカムイ』第2期のオープニングテーマ】	3MXSUzo-szg	92005
星乃めあ	【歌ってみた】たすくこま「もしもこれが恋だと知っても」- 星乃めあ【cover】	X1s5elUyZiM	11536
星乃めあ	オールドファッション - back number(cover) / 星乃めあ【歌ってみた】TBS系 金曜ドラマ「大恋愛～僕を忘れる君と」主題歌	6s7yNeQZz9Q	5618
星乃めあ	粉雪 - レミオロメン(cover) / 星乃めあ【歌ってみた】	2trUEIZT-HQ	22465
星乃めあ	【歌ってみた】ときのそら × シグナルP「Wandering Days」- 星乃めあ【オリジナル・ボカロPコラボ第2弾】	vozjCNxLQOQ	3162
星乃めあ	クリスマスソング - back number(cover) / 星乃めあ【歌ってみた】『5→9～私に恋したお坊さん～ 』主題歌	gSkVAujpA5E	6784
星乃めあ	【歌ってみた】DAOKO × 米津玄師『打上花火』- 星乃めあ × たすくこま【コラボ】 映画「打ち上げ花火、下から見るか？横から見るか？」主題歌	fUDIV1Mrlvw	51818
星乃めあ	【女性が歌う】米津玄師 「Lemon」- 星乃めあ【オリジナルMV】紅白出演おめでとうございます！TBS金曜ドラマ「アンナチュラル」主題歌	4HZIKzKo-zY	24587
星乃めあ	愛言葉Ⅲ - DECO*27(cover) / 星乃めあ【歌ってみた】	IjVWaqEueqU	7908
星乃めあ	【女性が歌う】米津玄師 「Flamingo」(Covered by 星乃めあ)紅白出演おめでとうございます！/ソニー 完全ワイヤレスヘッドホン CMソング	DEmNpwvsdnE	31031
星乃めあ	【歌ってみた】米津玄師 「TEENAGE RIOT」- 星乃めあ【オリジナルMV】紅白出演おめでとうございます！『GATSBY COP』CMソング	65t-hpvhLLI	21139
星乃めあ	【歌ってみた】未練レコード / 星乃めあ【ときのそら × 40mP】	S8TT0PEQ2v4	6356
星乃めあ	モザイクロール - DECO*27(cover) / 星乃めあ【歌ってみた】	tCtZN7lRI0Y	8931
星乃めあ	砂の惑星 - ハチ(米津玄師) / 星乃めあ【歌ってみた】初音ミク「マジカルミライ2017」テーマソング	aU6FDM_vsO4	14531
星乃めあ	God knows... - 涼宮ハルヒ(cover) / 星乃めあ【歌ってみた】TVアニメ「涼宮ハルヒの憂鬱」挿入歌	UxndtiYKJyg	9787
星乃めあ	Lost my music - 涼宮ハルヒ(cover) / 星乃めあ【歌ってみた】TVアニメ「涼宮ハルヒの憂鬱」挿入歌	XO016FUEOYM	4672
星乃めあ	ムーンライト伝説 / 美少女戦士セーラームーン - cover by 星乃めあ	I1VfyIQsQEI	3542
かぐらなな	ひらひら🌸ひらら｜千条アリアｘカグラナナ	pGLXrkZnx3c	25872
かぐらなな	♡メランコリック EUROBEAT.ver♡/カグラナナ	bv3jPFYpruc	45496
かぐらなな	トリノコシティ(coverd by カグラナナ)	nYxuxiEWK38	47198
かぐらなな	【カグラナナ】おちゃめ機能【辛略ver】	troa_bkxiCg	8030
朝ノ姉妹	Snow halationをサビだけ歌ってみた【朝ノ光】	UR72t0xX5hw	8353
朝ノ姉妹	『you』アカペラで歌ってみた【朝ノ瑠璃】	rwNis9LzU4U	10973
朝ノ姉妹	【ボカロ】千本桜 feat 初音ミク by 朝ノ瑠璃	I1OBfmDMuUw	30216
朝ノ姉妹	『ダイアモンドクレバス』アカペラで歌ってみた【朝ノ瑠璃】	XJw0aA81phI	7004
朝ノ姉妹	【歌ってみた】ハイカラ浪漫 by 朝ノ瑠璃	WMdJNRqHqY4	69408
朝ノ姉妹	🔴【朝ノ瑠璃】はじめての生放送【生歌配信】	jftpaRniXik	13028
朝ノ姉妹	Happy Birthday!!キズナアイさん！【朝ノ光、朝ノ瑠璃】	PCAdIc_SLGk	4829
朝ノ姉妹	🔴【朝ノ瑠璃】お姉ちゃんと生電話しませんか？【凸待ち生放送】	rxxGelPGf9Q	12276
朝ノ姉妹	🔴【朝ノ瑠璃】いっぱい動きます💙💙💙 【ゲリラ生放送】	0NAxI9PEfEI	9461
朝ノ姉妹	🔴【朝ノ瑠璃】100曲チャレンジ前夜祭 【雑談配信】	h3W49LmokWA	5938
朝ノ姉妹	🔴【朝ノ瑠璃】100曲チャレンジ～夏！・奈々様縛り・Acid Black Cherry縛り編～	4T5WG81AyfY	9417
朝ノ姉妹	🔴【朝ノ瑠璃】100曲チャレンジ～世代編～	_W_g6b5pSmA	22260
朝ノ姉妹	🔴【朝ノ瑠璃】100曲チャレンジ～BLEACH＆銀魂縛り～【生歌放送】	ZjAigmvq9RE	9627
朝ノ姉妹	【朝ノ瑠璃】拍手喝采歌合 歌ってみた	0bpHJTb3dbA	114781
朝ノ姉妹	【朝ノ瑠璃】100曲チャレンジ振り返り生放送【歌のみ抜粋】	mpxqwN1FgWU	4642
朝ノ姉妹	【2019年も】Happy Song cover by 朝ノ瑠璃【皆に幸あれ！】	G8W8jJvraWQ	8984
朝ノ姉妹	【朝ノ瑠璃】magnet 歌ってみた【琴みゆり】	pmXOjEe61pM	15733
朝ノ姉妹	【コラボ】からくりピエロ 歌ってみた - 琴みゆり × 朝ノ瑠璃	VUNd8LYacNU	7719
朝ノ姉妹	♪イヤイヤちゃんのうた／cover by 朝ノ瑠璃	Tzv3xyNmpMo	12662
KMNZ LITA	丸の内サディスティック - 椎名林檎(Cover) / #KMNZ LITA	VhyOgpL-NTg	98345
KMNZ LITA	心做し - 蝶々P(Cover) / KMNZ LITA	qjpMiegDnPw	52247
KMNZ LITA	Strawberry Chips - HALCALI (Cover) / KMNZ	8WRdfXYwuWU	78499
KMNZ LITA	琥珀色の街、上海蟹の朝 - くるり(Cover) / KMNZ LITA	VrxmX_gVmnI	129242
KMNZ LITA	水星 - tofubeats feat, オノマトペ大臣(Cover)  / KMNZ LITA with YACA	DFkSCdbwdZY	391310
KMNZ LITA	小沢健二 - 強い気持ち・強い愛 (Cover) / KMNZ	Kw7y012xO7Y	62124
KMNZ LITA	小沢健二 featuring スチャダラパー - 今夜はブギー・バック(Cover) / KMNZ	BhWq-ceJa5k	373866
KMNZ LITA	歌舞伎町の女王 - 椎名林檎(Cover) / KMNZ LITA	fTFW0ziumfM	189253
KMNZ LITA	スチャダラパー - サマージャム '95(Cover) / KMNZ	VFkUSaO8cqQ	137415
KMNZ LITA	コレサワ - たばこ(Cover) / KMNZ LITA	Co1Nx3YC8fM	106012
KMNZ LITA	能動的三分間 - 東京事変(Cover) / KMNZ LITA	dFI4axmXFGo	147215
KMNZ LITA	色彩のブルース - EGO-WRAPPIN' (Cover) KMNZ LITA	AoBQYdzVLug	52270
KMNZ LIZ	Home Sweet Home (feat. KMNZ LIZ)  / Neko Hacker	tE-J5q8OCF0	72413
KMNZ LIZ	ただ君に晴れ - ヨルシカ Cover / KMNZ LIZ リズ	9EINRLL6Lug	59020
KMNZ LIZ	chocolate box - dezzy(一億円P) Cover / KMNZ LIZ リズ	mMsQXpfP4Ro	26856
KMNZ LIZ	Nectar - まふまふ feat. nqrse(Cover) / KMNZ LIZ リズ	NFp3KSTYirM	98900
KMNZ LIZ	シャルル - バルーン(Cover)/ KMNZ LIZ	dIsAIyTm0Gs	66491
KMNZ LIZ	ふわふわ時間 - けいおん!(Cover) / KMNZ LIZ	aIisOUoZIhc	148352
KMNZ LIZ	Happy Halloween - Junky(Cover) / KMNZ ケモノズ	NXwcJa73BoU	58619
KMNZ LIZ	さようなら、花泥棒さん - メル(Cover) / KMNZ LIZ リズ	RLpRiyblt-s	84992
KMNZ LIZ	愛言葉Ⅲ - DECO*27(Cover) / KMNZ LIZ	nQQ6BUvsdFQ	63209
KMNZ LIZ	もってけ！セーラーふく - らき☆すた(Cover)  / KMNZ	CEO2EOPJ25A	84986
KMNZ LIZ	メランコリック - Junky feat.鏡音リン(Cover)  / KMNZ LIZ リズ	VEsIJeJ9pl0	72841
KMNZ LIZ	そばかす - JUDY AND MARY(Cover)  / KMNZ LIZ リズ	QIBY5NPmNDs	157894
KMNZ LIZ	太陽系デスコ - ナユタン星人(Cover) / KMNZ LIZ リズ	ggO4A8viiPI	164506
KMNZ LIZ	LUVORATORRRRRY! - ギガP(Cover) / KMNZ ケモノズ	puq0ZayTaAs	159620
KMNZ LIZ	少女レイ - みきとP (Cover) / KMNZ LIZ	3PqeQQxTGhI	112580
KMNZ LIZ	金星のダンス - ナユタン星人(Cover) / KMNZ LIZ	PPkbBhQ6Cq4	211334
KMNZ LIZ	ロキ - みきとP(Cover) / KMNZ LIZ	EIbvKSUeta0	279977
KMNZ LIZ	翡翠のまち - メル(Cover) / KMNZ LIZ	s-Dzjq9SdwU	100222
鈴鹿詩子	【BGクラブ】脳漿炸裂ガール 歌ってみた - 森中花咲×鈴鹿詩子×モイラ【オリジナルMV】cover	-BZXZvOnRK0	179485
鈴鹿詩子	【自作MV】シャルル 歌ってみた。【鈴鹿詩子】Charles Cover	WGXkz1VGXVM	263480
鈴鹿詩子	U.S.A./DA PUMP　限界腐女子な歌のお姉さんVTuberが歌ってみた（鈴鹿詩子）Cover By Utako suzuka	i003sNLSvU4	150878
鈴鹿詩子	【恋愛サーキュレーション】歌ってみた。 Renai Circulation - Bakemonogatari Cover By Utako suzuka	FXwlyNlC-20	51203
鈴鹿詩子	「ダンスロボットダンス」歌ってみた【鈴鹿詩子】Dance Robot Dance [Nayutan Seijin] Cover By Utako suzuka	L4Tz3tER5MA	92727
鈴鹿詩子	「Girls」（Easy Pop様）アカペラで歌わせて頂きました！	osRNtNYZ41c	24955
鈴鹿詩子	『おねがいダーリン』アカペラで歌わせて頂きました。onegai darling! A cappella Cover by Utako Suzuka	9McF4pK8QDg	70566
鈴鹿詩子	【君の名は。】 なんでもないや / RADWIMPS (cover)鈴鹿詩子【聖地でのオリジナルPV】Nandemonaiya "Your Name"/Utako Suzuka	z8-DH73uCxA	54138
鈴鹿詩子	乙女解剖歌ってみた【オリジナルMV】/鈴鹿詩子cover(Utako Suzuka)	61k1YBAKQ7E	231700
蒼月エリ	【Cover】なんでもないや／RADWIMPS【蒼月エリ / ハニスト】	5gO-nlvSCUE	230803
蒼月エリ	【弾き語りしてみた】花瓶の花／石崎ひゅーい【蒼月エリ / ハニスト】	nDnZYl5DEmM	40139
蒼月エリ	【歌ってみた】ぶいちゅっばの歌【蒼月エリ / ハニスト】	CHfPfd2fQZk	60649
蒼月エリ	【女性が歌う】米津玄師 「Flamingo」／Covered by 蒼月エリ【歌ってみた】	rEdGV2p5nzc	105534
蒼月エリ	【歌ってみた】地球をあげる【蒼月エリ / ハニスト】	htno4nfnwKg	29794
ゆにゆにこ	【マクロスΔ】いけないボーダーライン/ ワルキューレ - ゆにゆにこ × 天輝おこめ《Vtuber, MV》	rdoNy3ynQ7E	2952
ゆにゆにこ	【ゆにきぬ初コラボ】ロキ - ゆにゆにこ × 紙木絹《Vtuber, MV》	OhWJo6kCukU	5568
ゆにゆにこ	【Sword Art Online Alicization OP】ADAMAS / LiSA - ゆにゆにこ《Vtuber, MV》	CE3O9w88BL4	4180
ゆにゆにこ	【米津玄師】砂の惑星 / ハチ - ゆにゆにこ《Vtuber, MV》	mm424gCdVNM	6016
ゆにゆにこ	【二人で歌う】Lemon / 多々星シエル×ゆにゆにこ【歌ってみた】	5pXwLz07tXI	10250
ゆにゆにこ	【初コラボ】一度だけの恋なら - ゆにゆにこ × 多々星シエル《MV Vtuber》	8l4pVGkapqQ	12998
ゆにゆにこ	【踊れるんだぞ？】太陽系デスコ / ナユタン星人 - ゆにゆにこ《MV, Vtuber》	sFdLZaBh0kQ	4539
ゆにゆにこ	【歌ってみた】『愛言葉Ⅲ』/ DECO*27 - ゆにゆにこ《MV Vtuber》	gaZRrmObN5E	3620
ゆにゆにこ	【女性が歌う】『TEENAGE RIOT』/ 米津玄師 - ゆにゆにこ《MV Vtuber》	9A80XFgSP0Q	4654
ゆにゆにこ	【女性が歌う】『Flamingo』/ 米津玄師 Covered by ゆにゆにこ / 歌ってみた【MV Vtuber Sony CMソング】	RVKn_efveuk	14759
ゆにゆにこ	StarRingChild／Aimer cover by ゆにゆにこ《機動戦士ガンダムUC GUNDAM UNICORN》	IPtyRBP9AII	18062
琴みゆり	ASCA 『RESISTER』(ソードアート・オンライン アリシゼーション OPテーマ)【歌ってみた】	VrtHiCIqeys	37201
琴みゆり	【歌ってみた】DECO*27 - 夜行性ハイズ（cover）琴みゆり【vtuber】	lD_X-5bffsI	10151
琴みゆり	【女性が歌う】ドラマツルギー/Eve (+1キー)by 琴みゆり【歌ってみた】	GzLcZrj8ZHg	6595
琴みゆり	LiSA 『ADAMAS』- (Full) ソードアート・オンライン アリシゼーション OP 【covered by 琴みゆり】	ntaOucZv4z8	41940
琴みゆり	【コラボ】からくりピエロ 歌ってみた - 琴みゆり × 朝ノ瑠璃	VUNd8LYacNU	7719
琴みゆり	シャルル／琴みゆり【歌ってみた】	IRJ0LTQLj70	15089
琴みゆり	『青空のラプソディ』／fhána（covered by 琴みゆり）【小林さんちのメイドラゴン OP】【歌ってみた】	0LzZX_gccLA	11811
琴みゆり	『少女レイ』／みきとP（covered by 琴みゆり）【歌ってみた】	cEZ23zApOfc	10395
琴みゆり	『Good-bye days』／YUI（covered by 琴みゆり）【歌ってみた】	PO_CaYwDxXk	7072
琴みゆり	『ハッピーシンセサイザ』／covered by 琴みゆり＆射貫まとい【歌ってみた】	QJAte_EbFdc	5444
琴みゆり	『oath sign』／LiSA（covered by 琴みゆり）【Fate/Zero OP】【歌ってみた】	3c0hB3D3LoA	8939
琴みゆり	空色デイズ  / 中川翔子 （covered by 琴みゆり）【天元突破グレンラガン】	-w1eurnd_K8	7258
琴みゆり	『恋』／琴みゆり【歌ってみた】	9H-hp_9uoXI	4128
琴みゆり	Hello, Morning／琴みゆりver【歌ってみた】	fwl7DxDck5E	2766
神楽めあ	♡01♡『ビースト・ダンス』歌ってみたっ。【神楽めあ】	UonWUmb8oV0	119523
神楽めあ	♡02♡『愛言葉Ⅲ』歌ってみたっ。【神楽めあ】	Wc_P4NLtcBM	61315
神楽めあ	【神楽めあ】　♦　ヒトリゴト　歌ってみた　♦　【千草はな】	VjbYpx-Hw-g	101633
神楽めあ	【オリジナルPV】廃都アトリエスタにて【神楽めあ× 卯月コウ】	M6esqi1cnEE	62169
神楽めあ	♡03♡『Flamingo』歌ってみたっ。【神楽めあ】	dbN3cFEaptU	83679
神楽めあ	バレリーコ / by 神楽めあ×犬山たまき【歌ってみた】	r7FFXJFKm5k	64649
神楽めあ	【オリジナルPV】クノイチでも恋がしたい【神楽めあ× 湊あくあ】	yS2rcvR6tFI	30422
ときのそら	♪3/27CDアルバム発売♪【ロボットになって】ダンスロボットダンス 歌ってみた - ときのそら【踊ってみた】	RBIypzmpB9Q	149033
ときのそら	ドーナツホール #アメノセイ #ときのそら 【歌ってみた】	bcwApgI4fXo	64658
ときのそら	【らき☆すた】『もってけ！セーラーふく』歌ってみた - ときのそら × Alt！【がんばって再現してみた】	zGT2mkZVtbI	111319
ときのそら	ときのそら デビューアルバム「Dreaming!」 Trailer	HWRyclm_qhg	21128
ときのそら	【ときのそら×キノシタ】Dream☆Story【オリジナル曲・キャラソン】	rbd-m8r5Ujs	116279
ときのそら	【侵略されて】エイリアンエイリアン 歌ってみた - ときのそら【踊ってみた】	NT6Pf28eCgQ	899085
ときのそら	【ときのそら × アゴアニキ】海より深い空の下【オリジナル・ボカロPコラボ第4弾】	nP5mhWX2i0Q	73784
ときのそら	【ときのそら × はるまきごはん】そんな雨の日には【オリジナル・ボカロPコラボ第3弾】	MjkDaUwPzkU	46722
ときのそら	檄!帝国華撃団 by燦鳥ノム・富士葵・ときのそら【歌ってみた】	35fKzdDH654	633037
ときのそら	【ときのそら × シグナルP】Wandering Days【オリジナル・ボカロPコラボ第2弾】	Z9oZ4r0cxME	66989
ときのそら	【歌ってみた】アスノヨゾラ哨戒班【ときのそら】	QYpkewF8ECA	540078
ときのそら	【コラボ】Mrs.Pumpkinの滑稽な夢 女子4人で歌ってみた - そら×まり×アオ×YuNi	gb_jfOQd64c	320192
ときのそら	【ときのそら × 40mP】未練レコード【オリジナル・ボカロPコラボ第1弾】	yVxmv4oqPzs	180460
ときのそら	【歌ってみた】rain stops, good-bye / におP【事務員Gさんのピアノにのせて】	FrdLDOeMoyg	91196
ときのそら	【歌ってみた】海を泳ぐ月【ときのそら】	RKigW0TteZY	135349
ときのそら	【歌ってみた】サンドリヨン / ときのそら & バーチャルゴリラ	zsBD66Sa5Yg	286865
ときのそら	【歌ってみた】メランコリック【ときのそら】	zcU6WIaT9DA	446993
ときのそら	【ときのそら×アズマリム】2人でmagnet【歌ってみた】	Ec3DZ5xaWuA	456179
ときのそら	【MMD公開】太陽系デスコ/ときのそら【歌ってMMDで踊ってみた】	wHw3jSvZxNI	1917018
ときのそら	【一緒に歌お♪】そらともどうぶつようちえん - nozakita kazumi【そらとも提供曲】	D7qezulISyU	63887
ときのそら	【歌ってみた】おかえり - 瀬名航【soraSong】	owwXwGXUm0g	97907
ときのそら	【Cover】Snow halation/μ’ｓ - ときのそら×富士葵コラボ「そらあお」で歌ってみた	xDE3MSAK_DY	404062
ときのそら	【Cover】ライオン／May'n/中島愛 - 富士葵×ときのそらコラボ「そらあお」で歌ってみた	rn54OXCuTZs	1592771
ときのそら	【歌ってみた】あの日見た空 - 山田アルテミス【soraSong】	Pgmleabc1nQ	97667
ときのそら	【歌ってみた】わたしとあなたと皆さまと！ - 逆襲の明智【soraSong】	pKASI4dEG3A	115370
ときのそら	【歌ってみた】夢色アスタリスク - ていくる【soraSong】	kTV6uSmiXEw	344587
ときのそら	【歌ってみた】木の芽時の空 - 路地裏ロジック【soraSong】	BvlCYJ1XZ3Y	146236
物述有栖	【平成最後】AIAIAI歌ってみた♡【いっぱいちゅき】	gtJ9ATKOPuw	19078
物述有栖	♡高音厨音域テストやってみた♡	Az22NOebfRk	44713
物述有栖	♡恋愛サーキュレーションうたってみた♡	1UZjA_sRUpE	33089
物述有栖	🎁ロリ組で『好き！雪！本気マジック』歌ってみた🎅	OvGd6DqmA2c	176148
物述有栖	♡future base歌ってみた♡	SXdV2bKMntI	55257
星街すいせい	【歌ってみた】メルティランドナイトメア【#07】	sm4KMKurd8E	6688
星街すいせい	【歌ってみた】ブルーバード【#15】	PerzMoTou-k	7763
星街すいせい	【歌ってみた】創聖のアクエリオン【#17】	_8eUrkYNnLY	6848
星街すいせい	comet / 星街すいせい	3cqV5BKJHyk	22299
星街すいせい	【歌ってみた】melty world【#18】	9pgap38Os_k	2856
星街すいせい	【歌ってみた】劣等上等【ルピナス&すいせい】	X1T9M4F8sKk	4154
星街すいせい	【雑談＋歌】ほしまちすたじお【#10】	OyG0vhdjGy4	1439
星街すいせい	うたうほしまちすたじお【ゲリラ】	GTaA7bfKaRg	1635
星街すいせい	【歌ってみた】Shine!!/CINDERELLA PROJECT【#20】	WLj0Rg_bcvQ	1770
星街すいせい	天球、彗星は夜を跨いで / 星街すいせい	zLak0dxBKpM	11755
Alt!!	「 Grand Blue 」（アニメ「ぐらんぶる」OPテーマ Full）/ 湘南乃風 【歌ってみた by Alt!!】	cjxZ5r45O6Q	41175
Alt!!	LiSA 『ADAMAS』 ソードアート・オンライン アリシゼーション OP 歌ってみた !! 【covered by 遠坂ユラ from Alt!!】	6j7Lu8nHbqs	36862
Alt!!	【初音ミク】グリーンライツ・セレナーデ/Greenlights Serenade 歌ってみた マジカルミライ2018【遠坂ユラ from Alt!!】歌詞付き	ctIEnSzgheE	21025
Alt!!	【劣等上等】 VTuber2人で歌ってみた !! 【七海ロナ・暁月クララ from Alt!!】	6nKSZ1Agm34	18433
Alt!!	ロキ / VTuber 3人で歌ってみた!!! / Alt!! 【フライング投稿第２弾】	mLuRi9TzK5c	15284
Alt!!	LiSA / シルシ 歌ってみた !! Full 「ソードアート・オンラインll」 ED 【遠坂ユラ from Alt!!】	ZoAHWt41lYs	14766
Alt!!	『ハッピーシンセサイザ』  踊って歌ってみた !!【七海ロナ from Alt!!】	BpWHJAlNXxE	14074
Alt!!	【The Everlasting Guilty Crown】 /  EGOIST 歌ってみた !! (FULL) 【七海ロナ from Alt!!】	ApgE0yBcr9o	12395
Alt!!	【RADWIMPS】セプテンバーさん 歌ってみた !!【七海ロナ from Alt!!】	MiChNlx2lDI	12114
Alt!!	【you】 『ひぐらしのなく頃に』  歌ってみた !! 【七海ロナ from Alt!!】	RnNUs50bLZQ	11072
Alt!!	【歌ってみた !!】君の知らない物語 / supercell　- 遠坂ユラ from Alt!! 【フライング投稿】	wga-L6yNIe8	9746
Alt!!	アンパンマンのマーチ 歌ってみた !! 【暁月クララ from Alt!!】	2RwIe0-HAac	8762
Alt!!	【ノーゲーム・ノーライフ】 OP 『This game』 歌ってみた !!  (Full) 【遠坂ユラ from Alt!!】 No Game, No Life opening	AfhY1lLPGqI	8574
Alt!!	【鳥の詩】 / Lia 『AIR』 歌ってみた !! 【遠坂ユラ from Alt!!】	RhqPfjPyRB8	8156
Alt!!	【ロミオとシンデレラ】 歌ってみた !! (PV付き) 【暁月クララ  from  Alt!! 】	IsNQ16z1Ego	8104
Alt!!	【歌ってみた !!】メランコリック / 鏡音リン　- 暁月クララ from Alt!! 【フライング投稿】	1KbtvYpayrU	7014
Alt!!	【歌ってみた !!】君の好きな本 / 西沢さんP GUMI　- 七海ロナ from Alt!! 【フライング投稿】	zuvSI5kf9zY	6882
Alt!!	【夜もすがら君想ふ】 / yomosugara kimi omou (西沢さんP) 歌ってみた !! 【遠坂ユラ from Alt!!】	_C1zM3Un8nM	6514
Alt!!	【鱗（うろこ）】 / 秦基博 歌ってみた !! (歌詞付き) 【遠坂ユラ from Alt!! 】	uoXNsw4PPhE	6329
Alt!!	【おねがいダーリン】 歌って踊ってみた !! （Full 歌詞付き）【暁月クララ from Alt!!】	j7VyZ00_g1g	6223
Alt!!	【未練レコード】歌ってみた !! 七海ロナ from Alt!!【ときのそら × 40mP】	10CvFlTRJpM	6031
Alt!!	【TVアニメ かぐや様は告らせたい ED】 踊ってみた！「チカっとチカ千花っ♡」 暁月クララ from Alt!! 【そして歌ってみた！】 Chikatto Chika Chika Dance	trVvXGQOA-k	5976
Alt!!	【夕景イエスタデイ】  歌ってみた !!  歌詞付き 【ver 遠坂ユラ from Alt!!】	JYVzdtwQuHg	5604
Alt!!	【愛言葉Ⅲ】 せいいっぱい愛で歌ってみた !! DECO*27 【暁月クララ from Alt!!】	VKTly71KEG8	4881
Alt!!	恋愛サーキュレーション かわいく 歌ってみた !!  Full 【暁月クララ from Alt!!】	hlgoVdyg1Qc	4786
Alt!!	【歌って踊ってみた！】 わがまま 気のまま 愛のジョーク モーニング娘。 MV 【七海ロナ from Alt!! 】	z8vAG9dE4qk	4115
Alt!!	【RAINBOW GIRL】 せつなさいっぱいで 歌ってみた・・・ 【暁月クララ from Alt!!】	BdLFdybDuD8	3495
Alt!!	【初音ミク】 39 アイドルが歌ってみた！ 七海ロナ from Alt!! 【sasakure.UK x DECO*27】	TWx9nNsvYTk	3510
Alt!!	【歌ってみた】 HUGっとプリキュア オールスターズメモリーズ ED 「DANZEN！ふたりはプリキュア」 を踊ってみた！ 【バーチャルアイドルユニット Alt!!】	4FQbZqjvmrQ	2546
Alt!!	【巡音ルカ】『それがあなたの幸せとしても』/ 歌ってみた【七海ロナ from Alt!! 】	xc-BU00UH3Q	2482
Alt!!	『たのしむーぶ』/ Alt!! 4thオリジナルシングル【第2回VTuber最協決定戦 タイアップソング】	fXFeFWZBZRM	7702
Alt!!	【Alt!! x 40mP】『Hello My Stage!』バーチャルアイドルユニット 「Alt!! (アルト)」 3rdオリジナルシングル	zgJhhzIbWmI	6935
Alt!!	【Three Piece - スリーピース- 】 バーチャルアイドルユニット 「Alt!! (アルト)」 2nd オリジナルシングル	EQybHllR2mQ	13939
Alt!!	【StAlt!! - スタート!!】バーチャルアイドルユニット「Alt!!（アルト）」デビュー曲	8UE4KHm7sF0	91018
まりなす	【MV】【歌ってみた】金曜日のおはよう- HoneyWorks(Cover) / 奏天まひろ[Vtuber]【踊ってみた】	gOfBxrbjlxA	5764
まりなす	【MV】【歌ってみた】ナンセンス文学- Eve(Cover) / 燈舞りん・鈴鳴すばる[Vtuber]【踊ってみた】	svh5hufPh0Q	5714
まりなす	[MV]【歌ってみた】だれかの心臓になれたなら - ユリイ・カノン(Cover) / 燈舞りん[Vtuber]【踊ってみた】	zRgSpBZePX0	17371
まりなす	[MV]【歌ってみた】一騎当千 - 梅とら(Cover) / 鈴鳴すばる[Vtuber]【踊ってみた】	BEa23Z5uQt4	12421
まりなす	【MV】【全力で歌ってみた】太陽系デスコ- ナユタン星人(Cover) / 奏天まひろ[Vtuber]【ガチで踊ってみた】	MucqcvVBBBM	16277
まりなす	[MV]【歌ってみた】miracle step - キズナアイ(Cover) / 奏天まひろ[Vtuber]【踊ってみた】	pD9sVwKh1Gc	4852
まりなす	[MV]【歌ってみた】チョコレイト・ディスコ - Perfume(Cover) / 奏天まひろ、燈舞りん、鈴鳴すばる[Vtuber]【踊ってみた】	KSDoOrST-gc	4352
まりなす	【オリジナル曲】『WONDERLAND（まじかる姉妹歌合戦ver）/奏天まひろ』【わだらん】	FTtdG4m47i8	3681
まりなす	【銀河アリスVS奏天まひろ】UFO歌って踊ってみた（草むらver）【超宇宙コラボ】	3sj09eRW9QU	4115
まりなす	【グミの日】「ぐみのうた」踊ってみた【東雲めぐちゃん】	XeiqtiHBMCU	1977
まりなす	【NIGHT OF FIRE】Vtuberが全力でパラパラ踊ってみた【奏天まひろ】	MZ-Rx5tXzWs	4370
まりなす	【I LOVE egg】Vtuberが全力でパラパラ踊ってみた【良き～】	jLeXufTYsNU	2591
まりなす	【にゃんにゃんにゃん】Vtuberが全力でパラパラ踊ってみた②【奏天まひろ】	ESaNeQ6X60I	2532
まりなす	【MV】【歌ってみた】スタートの合図- 響木アオ(Cover) / 奏天まひろ[Vtuber]【踊ってみた】	TGQkhOXyJYM	2239
緋惺	【Vtuber*歌ってみた】緋惺が、『四季刻歌』を歌ってみました♪	0Oo9mlZiqkE	22393
緋惺	【春の装い】緋惺が、「春よ、来い」を歌ってみました♪【カラオケ音源-off vocal-／配布予定】	RgM7XWkhn08	4740
緋惺	【祝・収益化】緋惺が、「奏（かなで）」を歌ってみました♪【カラオケ音源-off vocal-／配布予定】	gqs2l750rsI	2579
緋惺	【祝・3000人】緋惺が、「雪の華」を歌ってみました♪【カラオケ音源-off vocal-／配布予定】	-I0cbW01xyg	2983
緋惺	【もうすぐV1周年】緋惺が、「桜唄」を歌ってみました♪【カラオケ音源-off vocal-／配布予定】	PwzBtHAWoec	1335
緋惺	【祝・VTuber1周年／UTAU6周年】緋惺が、「月のワルツ」を歌ってみました♪【カラオケ音源-off vocal-／配布予定】	8cmlVQ1zpDY	1057
緋惺	【VTuber・Vカツ】緋惺が、『future base／Kizuna AI』を歌って踊ってみました♪【キズナアイ新曲リリースフェス】	5jNhi8on1bQ	3534
緋惺	【Vtuber*歌ってみた】緋惺が、『アサガオの散る頃に』を歌ってみました♪	YyQknRUPwu0	1784
緋惺	【Vtuber*歌ってみた】緋惺が、『朧月』を歌ってみました♪	mMTJSV3j7ak	1988
緋惺	【VTuber*歌ってみた】緋惺が歌う、『夢と葉桜』をFULLでお届けします♪	G5LP5rCOJk0	2848
緋惺	【Vtuber*歌ってみた】緋惺（あけさと）が、『七夕恋歌』を歌ってみました♪	71uU6ht-DBQ	3709
緋惺	【Vtuber*歌ってみた】GWに暇を持て余した緋惺が、『暇は人を殺せるか』を歌ってみました！	DA_IxTHX-uQ	1824
緋惺	【Vtuber*歌ってみた】緋惺が、『虹色蝶々』を歌ってみました！	tatu9XPc-1w	3906
緋惺	【Vtuber*歌ってみた】緋惺が、『神居謡』を歌ってみました！	NXbYyTHCAqM	1918
緋惺	【Happy Halloween!!】緋惺が、『ゾンビゾンビジェネレーション』で仮装してみました！【VTuber・Vカツ・歌ってみた】	NittY1YaDrs	1400
緋惺	【VTuber】緋惺が歌う、『夏夜空の月』をFULLでお届けします♪【オリジナル曲】	ru66FIi-wl4	1562
緋惺	【作曲家さんとコラボ】緋惺が、『春雪の夜に君を待つ -Tsubaki mix-』を歌ってみました♪【オリジナル曲】	BCp0zmY_5jo	1959
緋惺	【VTuber*作曲家さんとコラボ】緋惺が、『七つ夜空の願いごと』を歌わせて頂きました♪	_Jbl8rLTi0c	1473
緋惺	【VTuber*ボカロPさんとコラボ】緋惺が、『つくりかけの花冠』を歌わせて頂きました♪【オリジナル曲】	uLbEBOjfLnc	1419
緋惺	【Vtuber*ボカロPさんとコラボ】緋惺が、『鵺の涙 -piano.ver-』を歌わせて頂きました♪【オリジナル曲】	PYMY4tmKyrU	1565
緋惺	【Vtuber*歌ってみた】緋惺が、「青いベンチ -Piano ver.-」を歌ってみました♪	DCOY_LwMYSE	2881
緋惺	【Vtuber*歌声比較】Vtuberの緋惺と、UTAUの緋惺の歌声を、「Undefined」で比較してみました♪	Smx60eP-hXs	2162
緋惺	【Vtuber*歌ってみた】緋惺が、『Undefined』を歌ってみました♪	iOFpDjPVS08	2904
緋惺	【Vtuber*歌ってみた】緋惺（あけさと）が、『通りゃんせ』を口遊んでみました♪	ZGNH30RErd8	2958
緋惺	【Vtuber*歌ってみた】緋惺が、『夢と葉桜』を歌ってみました♪	bBR_ACf7s64	1375
緋惺	【Vtuber*作曲家さんとコラボ】緋惺が、『夏夜空の月』を歌わせて頂きました♪【オリジナル曲】	LPmrBqqiclw	1300
緋惺	【VTuber*歌ってみた】緋惺が、『ゾンビゾンビジェネレーション』を歌ってみました！	20uc6KaJNFk	1643
緋惺	【VTuber*作曲家さんとコラボ】緋惺が、『春雪の夜に君を待つ』を歌わせて頂きました♪【オリジナル曲】	HEs8c0XAcyU	1222
緋惺	【祝*6ヶ月】緋惺の半年間のお歌を、まとめてみました♪【作業用BGM】	Iy3v5Bo5X_k	1454
ルピナス	【バレンタイン学パロ】バレンタイン・キッス　歌ってみた💝【久遠藍♡星街すいせい♡黒羽満月♡ルピナス】	-uQ4bc7otx8	872
ルピナス	🍅【吸血鬼2人で】きゅんっ！ヴァンパイアガール🦇ルチカ×ルピナス【歌ってみた】💎	0LZXm43ywPk	719
ルピナス	💎#7【歌う吸血鬼が】ハートサーモグラフィー【歌ってみた】✨	V2nuNdf8e1g	1485
ルピナス	【ルピナス×夜木ノセ】🌸ハッピーシンセサイザ🌸歌ってみた！【Vtuberコラボ】	hfwutmZ3g5I	779
ルピナス	【歌ってみた】劣等上等【ルピナス&すいせい】	X1T9M4F8sKk	4154
ルピナス	💎#6【歌う吸血鬼が】イヤイヤちゃんのうた【媚びて歌ってみた】✨	Mj8ElZgzZ-s	2302
ルピナス	💎#5【歌う吸血鬼が】ナワワ 【替え歌歌った】✨	6xCcM0gTZkM	366
ルピナス	💎#4【歌う吸血鬼が】シャルル 1番 / バルーン【歌ってみた】✨	QW8wv0g6uMA	2252
ルピナス	月のワルツ ルピナスと公野ゆめかが歌ってみた	2EYWJXp_mfQ	675
ルピナス	💎テスト歌配信✨	3abM82ioNU8	746
ルピナス	💎吸血鬼🦇は歌いたがり #1✨	QzTXQyeWHyU	596
ルピナス	💎吸血鬼🦇は歌いたがり #2✨	7IBleEgHpy8	277
ルピナス	💎吸血鬼🦇は歌いたがり #3✨	1iJLMg3CAKY	501
ルピナス	💎吸血鬼🦇は歌いたがり #4✨	qtz6YjmNelU	368
ルピナス	💎吸血鬼🦇は歌いたがり #5✨	1pZPU7O5EQs	254
ルピナス	💎吸血鬼🦇は歌いたがり #6✨	VL18S8V2lSs	201
ルピナス	💎吸血鬼🦇は歌いたがり #7✨	Q8__bxPTCQ8	102
ルピナス	Vアニソンリレー	moKQDRZCCEw	126461
糸巻おり	【歌ってみた】制服のマネキン - 糸巻おり【ぴぐまりおん。】	wYNLl2zCHnA	1552
糸巻おり	【歌ってみた】わたしのアール - 糸巻おり【ぴぐまりおん。】	rq52RMM8eJ8	4104
糸巻おり	【歌ってみた】チェチェ・チェック・ワンツー！/ Check Check Check One Two!【糸巻おり】	7VQ1WlEO00w	2069
射貫まとい	私、アイドル宣言／CHiCO with HoneyWorks(cover)【射貫まとい】	ulRIUdU2qyg	1533
射貫まとい	DECO*27 - スクランブル交際 / 射貫まとい【歌ってみた】	YEOrzqAVl8g	1935
射貫まとい	【supercell】さよならメモリーズ／射貫まとい【歌ってみた】	4zKXfn5fBdc	1723
射貫まとい	シャルル 歌ってみた(生歌) - 射貫まとい【Vtuber】	HBn1SLB4pI8	4707
射貫まとい	【天神子兎音】フーアーユーなんて言わないで／射貫まとい【歌ってみた】	qWMPs-wkwS8	3898
射貫まとい	チェチェ・チェック・ワンツー！ 歌ってみた / 射貫まとい【vtuber】	Rvr_6YqUiVo	5612
射貫まとい	『ハロ／ハワユ』 歌ってみた - 射貫まとい	220DWQAYG_Y	4086
射貫まとい	『愛言葉Ⅲ』／DECO*27（covered by 射貫まとい）	acLFYHY0Ous	3363
射貫まとい	『一度だけの恋なら』／ワルキューレ（covered by 射貫まとい）【マクロスΔ】	2MBikwIIjiU	2859
射貫まとい	『ダイアモンドクレバス』／射貫まとい【歌ってみた】	y10kU0eZX2Q	2355
射貫まとい	【ポプテピピックOP】『POP TEAM EPIC』/射貫まとい【歌ってみた】	65SYcteWa6E	2875
射貫まとい	『愛Dee』/射貫まとい＆琴みゆり【歌ってみた】	GtG3-U62OXY	2610
射貫まとい	Hello, Morning／射貫まといver【歌ってみた】	YTGExo3BgPc	2520
射貫まとい	【Kagayaki Stars】カヌレ／射貫まとい【歌ってみた】	zKaOP85tKLY	4006
