かしこまり	蝶々結び / Aimer ( cover by かしこまり )	蝶々結び	eR5EgAlzXkE	13046
かしこまり	透明声彩 / YuNi ( cover by かしこまり )	透明声彩	cv-Au9iz76s	23579
かしこまり	マリーゴールド / あいみょん ( cover by かしこまり )	マリーゴールド	BgE_cbKjiCo	52863
かしこまり	ドラマツルギー / Eve ( cover by かしこまり )	ドラマツルギー	uOG-damuilg	56893
かしこまり	【踊ってみた】チカっとチカ千花っ♡【かしこ様は告らせたい】	チカっとチカ千花っ♡	S_mFPSQ8s2Q	83508
かしこまり	カカカタ☆カタオモイ-C / ヒャダイン ( cover by かしこまり & YuNi )	ヒャダインのカカカタ☆カタオモイ-C	O1qCN4UEZqU	223502
かしこまり	クリスマスソング / back number ( cover by かしこまり )	クリスマスソング	l-RLPc55zb4	42091
かしこまり	ヒロイン / back number ( cover by かしこまり )	ヒロイン	19nG-IhWY6Q	52802
かしこまり	めざせポケモンマスター / 松本梨香 ( cover by かしこまり & パンディ )	めざせポケモンマスター	f4P9USTBXis	71543
かしこまり	ワールドイズマイン / 初音ミク ( cover by かしこまり )	ワールドイズマイン	jTT9bwuUMfM	159746
かしこまり	若者のすべて / フジファブリック ( cover by かしこまり)	若者のすべて	CbCil5dUAY8	73313
かしこまり	I WANT YOU BACK / TWICE ( cover by かしこまり & 響木アオ )	I WANT YOU BACK	rlLlwMBEoDk	58726
かしこまり	Lemon / 米津玄師 ( cover by かしこまり )	Lemon	VXAMuERH0Gg	158271
かしこまり	夜咄ディセイブ / IA ( cover by かしこまり ＆ 樋口楓 )	夜咄ディセイブ	vcU_AUayrio	491843
かしこまり	打上花火 / DAOKO × 米津玄師 ( cover by かしこまり )	打上花火	Rz9aLowL5ck	111848
かしこまり	シュガーソングとビターステップ / UNISON SQUARE GARDEN（ cover by かしこまり ）	シュガーソングとビターステップ	GRh8XiHnXpw	399796
かしこまり	HANABI / Mr.Children（ cover by かしこまり ）	HANABI	_PElpN136WU	125164
かしこまり	いけないボーダーライン / ワルキューレ ( cover by かしこまり ＆ おめシス  )	いけないボーダーライン	uB8aRwh8fZY	1097370
かしこまり	God knows... / 涼宮ハルヒ ( cover by かしこまり )	God knows...	JkBg88ot3sU	217907
かしこまり	天体観測 / BUMP OF CHICKEN（ cover by かしこまり ）	天体観測	P7xs61SZytw	175395
かしこまり	タマシイレボリューション / Superfly ( cover by かしこまり )	タマシイレボリューション	Hbvh3A-MEao	157212
かしこまり	ひまわりの約束 / 秦基博 ( cover by かしこまり )	ひまわりの約束	zChKL_uQv58	86559
かしこまり	コネクト / ClariS ( cover by かしこまり )	コネクト	AQCL88Upry4	150337
かしこまり	君の知らない物語 / supercell ( cover by かしこまり )	君の知らない物語	Xkyy4gSVma8	239879
かしこまり	ギリギリchop / B’z（ cover by かしこまり ）	ギリギリchop	s9HSfrSsIGI	260326
かしこまり	渡月橋 〜君 想ふ〜 / 倉木麻衣（ short cover by かしこまり ）	渡月橋 〜君 想ふ〜	UJORIzfM0sM	91990
かしこまり	そばかす / JUDY AND MARY（ cover by かしこまり ）	そばかす	h6Ouxk7Pi30	315555
かしこまり	1/3の純情な感情 / SIAM SHADE （ Short cover by かしこまり ）	1/3の純情な感情	2fuldLfhZd8	134186
かしこまり	やさしさに包まれたなら / 荒井由実 （ cover by かしこまり ）	やさしさに包まれたなら	cOtT55-SH4k	235233
かしこまり	星間飛行 / ランカ・リー（中島愛）（ cover by かしこまり ）	星間飛行	pkL5Lvu1kWM	493590
かしこまり	カタオモイ / Aimer ( cover by かしこまり )	カタオモイ	GyF85OjYhuQ	181949
かしこまり	サイレントマジョリティー / 欅坂46 ( Short Cover  by かしこまり )	サイレントマジョリティー	91wjDz4z5Sw	104788
かしこまり	メルト / 初音ミク ( cover by かしこまり )	メルト	wRmYHK14yyI	277811
YuNi	【ฅにゃんにゃんฅ】乙女解剖 歌ってみた - YuNi	乙女解剖	7wCCpsKzUbU	335976
YuNi	【5人で前夜祭】 バレンタイン・キッス 歌ってみた - 樋口楓×因幡はねる×響木アオ×シスター・クレア×YuNi	バレンタイン・キッス	LhxFEWOoMgI	307249
YuNi	【イケメン(YuNi)降臨】雨とペトラ 歌ってみた - YuNi	雨とペトラ	ilp0naZ1WQU	1021975
YuNi	【キングダムハーツ】光 歌ってみた - YuNi【イヤホン推奨】	光	mGsAixlq7tg	613850
YuNi	【バターにすっぞ】帝国少女 歌ってみた - YuNi	帝国少女	CPKLZq7RYhA	414291
YuNi	【眠りにつく】白い雪のプリンセスは 歌ってみた - YuNi	白い雪のプリンセスは	PaO5P_wfRZk	302954
YuNi	【謹賀新年🎍】ウィーアー！ YuNiと愉快な乙女丸達で歌ってみた	ウィーアー！	EgrGP8ljX8o	221743
YuNi	【ゆにサンタ🎅🏻】赤鼻のトナカイ 歌ってみた - YuNi	赤鼻のトナカイ	HcK5fb4vYbk	158685
YuNi	【メリクリ🎄】クリスマスソング 歌ってみた -YuNi 【backnumber】	クリスマスソング	NQ97uD3od5I	352310
YuNi	【YuNiの推し曲】ひなげし 歌ってみた - YuNi【いきものがかり】	ひなげし	lx_amBRRwZI	243514
YuNi	【祝☆半年記念日】ロキ コラボで歌ってみた - かしこまり×YuNi 【みきとP】	ロキ	mxKCX19vIZg	478592
YuNi	【そんなわけないや】ヒバナ 歌ってみた - YuNi	ヒバナ	uaKIi_UhsNo	799282
YuNi	【ダフニー】flos 歌ってみた - YuNi	flos	OF5MVNyiF38	1062666
YuNi	【YuNiアレンジ】奏 歌ってみた - YuNi	奏	y2ZbEta0ugw	560054
YuNi	【そんな名前の人は知らない！】 adrenaline!!! 歌ってみた - YuNi 【エロマンガ先生】	adrenaline!!!	teNRF5U_tCQ	293604
YuNi	【どうしようもないまんま】ドーナツホール 歌ってみた - YuNi	ドーナツホール	xv92LLMA3J8	1342873
YuNi	【冬の風の匂いがした】夜空ノムコウ 歌ってみた - YuNi	夜空ノムコウ	MwVVsS2BkkE	317167
YuNi	【乙女丸が大炎上⁈】Pressure 歌ってみた -YuNi【Muse】	Pressure	Mgnecjs9B8E	196083
YuNi	【コラボ】脳漿炸裂ガール 歌ってみた - 天神子兎音×YuNi	脳漿炸裂ガール	CYpOUcLtwT0	551916
YuNi	【コラボ】Mrs.Pumpkinの滑稽な夢 女子4人で歌ってみた - そら×まり×アオ×YuNi	Mrs.Pumpkinの滑稽な夢	gb_jfOQd64c	324280
YuNi	【コラボ】 Happy Halloween 女子3人で歌ってみた - おめシス × YuNi	Happy Halloween	l71rBXM1Rgg	310138
YuNi	【ハァイッ！！】ultra soul 歌ってみた - YuNi【B'z】	ultra soul	jRfTfVeZavs	394295
YuNi	【ル〜ララ〜】ロビンソン 歌ってみた - YuNi【スピッツ】	ロビンソン	3lg9Y3uyRqQ	343412
YuNi	【ねぇそうだろう？】ヴォイス 歌ってみた -YuNi 【ポルノグラフィティ】	ヴォイス	regESypj-2w	171663
YuNi	【昭和の名曲】まちぶせ 歌ってみた - YuNi 【石川ひとみ】	まちぶせ	HgpLzXrE_XA	140662
YuNi	【#ゆにアート】 tell your world 歌ってみた - YuNi	Tell Your World	sLMDss_VV4E	200728
YuNi	【愛が！】さよならエレジー 歌ってみた【菅田将暉】	さよならエレジー	VpYIJ76Gs6k	582115
YuNi	【アイムアルーザー】LOSER 歌ってみた【米津玄師】	LOSER	_MsMoRpvJD0	1592573
YuNi	【君の膵臓をたべたい】 春夏秋冬 歌ってみた - YuNi 【sumika】	春夏秋冬	aQnFn7013uQ	375868
YuNi	【YuNi落下】アスノヨゾラ哨戒班 歌ってみた - YuNi	アスノヨゾラ哨戒班	oP4bzAOmFos	552315
YuNi	【舌が召された】ブリキノダンス 歌ってみた - YuNi	ブリキノダンス	vKcOfhAAgeg	917478
YuNi	【ジーザス!!】恋愛裁判 歌ってみた - YuNi	恋愛裁判	zqMWChfzTkI	415694
YuNi	【愚者のメロディー】妄想感傷代償連盟 歌ってみた - YuNi	妄想感傷代償連盟	jlcXiaiG2IY	635656
YuNi	【逃げちゃダメだ】残酷な天使のテーゼ 歌ってみた - YuNi 【新世紀エヴァンゲリオン】	残酷な天使のテーゼ	-Sp2pM-whLw	423949
YuNi	【眼球全開】ラプンツェル 歌ってみた - YuNi	ラプンツェル	vE3GNxYFawc	330600
YuNi	【コラボ】からくりピエロ 歌ってみた - 響木アオ × YuNi	からくりピエロ	FCRRxX5PoX4	499679
YuNi	【愛してくれ】シャングリラ 歌ってみた - YuNi【チャットモンチー】	シャングリラ	E87JNpw_prI	467175
YuNi	【生きろ】命に嫌われている。 歌ってみた - YuNi	命に嫌われている。	85LtMbcugjI	1289960
YuNi	【猛暑対策】WHITE BREATH 歌ってみた - YuNi 【T.M.Revolution】	WHITE BREATH	n7LNDJFHukw	331045
YuNi	【わたしのヒカリ】Lemon 歌ってみた(生歌) -YuNi 【米津玄師】	Lemon	NIOIRrLpYJU	1648618
YuNi	【甲子園につれてって！】タッチ 歌ってみた(生歌) - YuNi	タッチ	EAhwdJpODsM	197022
YuNi	【うー!にゃー!】太陽曰く燃えよカオス 歌ってみた(生歌) - YuNi 【這いよれ！ニャル子さん】	太陽曰く燃えよカオス	6TcYk_qGshM	794874
YuNi	【苦手発覚】crossing field 歌ってみた(生歌) - YuNi 【ソードアート・オンライン】	crossing field	DGJAG7JH8Go	453489
YuNi	【初コラボ】 ペガサス幻想 小宇宙が燃えるまで歌ってみた(生歌) - 小山内めい x YuNi 【聖闘士星矢】	ペガサス幻想	cyl1ZaRun3E	150393
YuNi	【エアギター】夏祭り 歌ってみた(生歌) - YuNi 【Whiteberry / JITTERIN'JINN】	夏祭り	Q6h-qj3PncI	522068
YuNi	【こっち向いてったら！】おねがいダーリン 歌ってみた(生歌) - YuNi	おねがいダーリン	uHT5tGjRbfg	958600
YuNi	【みつかっちゃった…】secret base ～君がくれたもの～ 歌ってみた(生歌) - YuNi【あの花】	secret base ～君がくれたもの～	BjgmNg37WvU	504863
YuNi	【初デュエット】打上花火 歌ってみた(生歌) - YuNi 【DAOKO × 米津玄師】	打上花火	TTJozNXj02g	694277
YuNi	【YuNi…執行官になる。】名前のない怪物 歌ってみた(生歌) 【PSYCHO-PASS/EGOIST】	名前のない怪物	YRLVzP4ud_4	1458214
YuNi	【サンキュー】 ハロ／ハワユ 歌ってみた(生歌) - YuNi	ハロ／ハワユ	AgjgTQLddY0	839048
YuNi	【うっふん♡】ラムのラブソング 歌ってみた(生歌) - YuNi 【うる星やつら】	ラムのラブソング	pK9IxSy9yXQ	225152
YuNi	【昭和の名曲】異邦人 歌ってみた(生歌) - YuNi 【久保田早紀】	異邦人	xb5ECqfmBVI	198390
YuNi	【ダークYuNi】スーサイドパレヱド 歌ってみた(生歌)	スーサイドパレヱド	ScBOvBW1KWA	779686
YuNi	【息継ぎ必死】シャルル 歌ってみた(生歌) - YuNi	シャルル	LjkDJHk2KrE	6468149
YuNi	【早口苦戦】砂の惑星 歌ってみた(生歌) - YuNi	砂の惑星	OdtLcNpsmwc	2352471
YuNi	【ご存知、ないのですか!?】祝10周年！ 星間飛行 歌ってみた(生歌) - YuNi 【マクロスF / ランカ・リー】	星間飛行	McRFlW3gV1M	516738
YuNi	【少しは分かるのです】Violet Snow 歌ってみた(生歌) - YuNi【ヴァイオレット・エヴァーガーデン】	Violet Snow	Wn_DHMnQopI	184665
YuNi	【ウエストがしんどい】エイリアンエイリアン 歌ってみた(生歌) - YuNi	エイリアンエイリアン	BxgZRlx_pDE	2164348
YuNi	【メニアック】 sweets parade 歌ってみた(生歌) - YuNi【髏々宮カルタ/妖狐×僕SS】	sweets parade	5bNokEpIYNQ	220262
YuNi	【自己紹介】プラチナ 歌ってみた(生歌) - YuNi【カードキャプターさくら】	プラチナ	8yL88k4Aou0	314884
燦鳥ノム	ドラマツルギー by 燦鳥ノム【歌ってみた】	ドラマツルギー	ZtTQ_pI-cCw	1957080
燦鳥ノム	ウミユリ海底譚 by 燦鳥ノム【歌ってみた】	ウミユリ海底譚	cFqtIGicNNw	277522
燦鳥ノム	雨き声残響 by 燦鳥ノム【歌ってみた】	雨き声残響	GqiUKkdwpzA	295080
燦鳥ノム	太陽系デスコ by 燦鳥ノム【歌ってみた】	太陽系デスコ	xCZNzf6I2rc	522492
燦鳥ノム	言って。 by 燦鳥ノム【歌ってみた】	言って。	t7u5raao5Kk	253214
燦鳥ノム	檄!帝国華撃団 by燦鳥ノム・富士葵・ときのそら【歌ってみた】	檄!帝国華撃団	35fKzdDH654	652062
燦鳥ノム	ナンセンス文学 by 燦鳥ノム【歌ってみた】	ナンセンス文学	kPM1HzOdExs	266827
燦鳥ノム	ECHO by 燦鳥ノム【歌ってみた】	ECHO	GiJl73vpWCg	598141
燦鳥ノム	虎視眈々 by 燦鳥ノム【歌ってみた】	虎視眈々	1KRaitjdFMw	185663
燦鳥ノム	アディショナルメモリー by 燦鳥ノム【歌ってみた】	アディショナルメモリー	RHA0UPfIZnw	122713
燦鳥ノム	【踊ってみた】ハレ晴レユカイ by 燦鳥ノム 【Short ver.】	ハレ晴レユカイ	MHvlvzkC8pc	93768
音羽ララ	《可愛くポップに》そばかす 歌ってみた ♪音羽ララ♪	そばかす	DGSwd-rx9Bg	26258
音羽ララ	《とある愛世》モザイクロール 歌ってみた ♪音羽ララ♪	モザイクロール	bzJ5TinEwzU	34760
音羽ララ	《エヴァ》魂のルフラン 歌ってみた ♪音羽ララ♪	魂のルフラン	NBKpPmBZDzs	64874
音羽ララ	《デジモン》Butter-Fly 歌ってみた ♪音羽ララ♪	Butter-Fly	qyq0tIgdfys	88159
音羽ララ	《声を枯らして》Just Be Friends 歌ってみた ♪音羽ララ♪	Just Be Friends	nxkk6VGSYxE	54235
音羽ララ	《ボカロ名曲》千本桜 歌ってみた ♪音羽ララ♪	千本桜	69nGHjYeFQ0	71752
音羽ララ	《ぴぽぱぽ》ハッピーシンセサイザ 歌ってみた ♪音羽ララ♪	ハッピーシンセサイザ	XAGQtGb7sVY	68504
音羽ララ	《踊り付き》マトリョシカ 歌ってみた ♪音羽ララ♪	マトリョシカ	2A7rZIjlC4k	398143
音羽ララ	《SAOその3》crossing field 歌ってみた ♪音羽ララ♪	crossing field	TY3OwbGELEQ	53508
音羽ララ	《操ってよ》からくりピエロ 歌ってみた ♪音羽ララ♪	からくりピエロ	mqxDstnw5qQ	72520
音羽ララ	《恋しちゃったんだ》CHE.R.RY 歌ってみた ♪音羽ララ♪	CHE.R.RY	pZ9_d0uplTs	52598
音羽ララ	《メーデー》ゴーストルール 歌ってみた ♪音羽ララ♪	ゴーストルール	pnyujuOcjDE	103978
音羽ララ	《SAOその2》INNOCENCE 歌ってみた ♪音羽ララ♪	INNOCENCE	B3hdPCixvVg	311779
音羽ララ	《早口がんばった》ドラマツルギー 歌ってみた ♪音羽ララ♪	ドラマツルギー	lT32NkU89Pg	99511
音羽ララ	《ララサンタより》クリスマスソング 歌ってみた ♪音羽ララ♪	クリスマスソング	1gcbLH67LfA	25524
音羽ララ	《時かけ》ガーネット 歌ってみた ♪音羽ララ♪	ガーネット	6RN3KlYcIyg	37882
音羽ララ	《大好きだって言うため》いーあるふぁんくらぶ 歌ってみた ♪音羽ララ♪	いーあるふぁんくらぶ	YzFKmvsTaCY	753136
音羽ララ	《アイちゃん先輩へ》future base 歌ってみた ♪音羽ララ♪	future base	GC-TqiyCa0E	36599
音羽ララ	《upd8参加》愛言葉Ⅲ 歌ってみた ♪音羽ララ♪	愛言葉Ⅲ	gA_BlsjcgxU	37163
音羽ララ	《心臓を投げたのだ》メリュー 歌ってみた ♪音羽ララ♪	メリュー	WAsATIl_ohE	107324
音羽ララ	《EGOIST》Ghost of a smile 歌ってみた ♪音羽ララ♪	Ghost of a smile	-g2BqC0SRP8	51844
音羽ララ	《初ボカロ》ロキ 歌ってみた ♪音羽ララ♪	ロキ	9_tZkZ0-PXM	133690
音羽ララ	《猫の恩返し》風になる 歌ってみた ♪音羽ララ♪	風になる	4H87N0osHoY	94636
音羽ララ	《まどマギ》コネクト 歌ってみた ♪音羽ララ♪	コネクト	ua08T2VC0j4	243344
音羽ララ	《SAO》Catch the Moment 歌ってみた ♪音羽ララ♪	Catch the Moment	4z4i-xJum8E	583719
音羽ララ	《憧れの人》未練レコード 歌ってみた ♪音羽ララ♪	未練レコード	OdnL3G0BOMs	26494
音羽ララ	《一緒に踊ろ♪》気まぐれロマンティック 歌ってみた ♪音羽ララ♪	気まぐれロマンティック	7V7L-9kECME	67833
音羽ララ	《蕩れ》君の知らない物語 歌ってみた ♪音羽ララ♪	君の知らない物語	0d030mevPYA	72482
音羽ララ	《ずっとなかよし》secret base ～君がくれたもの～ 歌ってみた ♪音羽ララ♪	secret base ～君がくれたもの～	5l0Vypq1les	63490
音羽ララ	《初投稿》ふわふわ時間 歌ってみた♪音羽ララ♪	ふわふわ時間	aGBVp0DxBHM	55164
おめシス	シンクロニティ by おめシス × BACK-ON	シンクロニティ	jis7E_mbwPw	194411
おめシス	【ボカロ】非公開日誌 / GUMI by おめがリオ	非公開日誌	FkyotXkl-CI	68654
おめシス	からくりピエロ / 初音ミク by おめがリオ	からくりピエロ	owl2ZtgDRHI	104078
おめシス	【天元突破グレンラガン】空色デイズ (Short) / 中川翔子 by おめがレイ	空色デイズ	-YLyVDOJnFc	107777
おめシス	【DTB】ツキアカリのミチシルベ / ステレオポニー by おめがレイ	ツキアカリのミチシルベ	SV_ag_cq9Jg	234103
おめシス	青いベンチ / サスケ by おめがシスターズ	青いベンチ	3JAeD-9FE8I	178214
おめシス	【GBF】ニブンノイチ / BACK-ON by おめがシスターズ	ニブンノイチ	KQPr8Qde22w	454652
おめシス	【ハガレン】メリッサ / ポルノグラフィティ by おめがシスターズ【#14Ω】	メリッサ	XAt2lODxz_E	422497
おめシス	【アルドノア・ゼロ】heavenly blue / Kalafina by おめがレイ	heavenly blue	IfYODh82hTo	147944
おめシス	AM11:00 / HY by おめがシスターズ【#16Ω】	AM11:00	abDwOIMcBEw	146281
おめシス	【時をかける少女】ガーネット / 奥華子 by おめがシスターズ	ガーネット	gXhqIT7XnsI	129383
おめシス	夏色 / ゆず by おめがシスターズ	夏色	VBpXOOPK6-E	225073
おめシス	【かっとビング】マスターピース / mihimaru GT by おめがシスターズ	マスターピース	_AcOHoF68vo	94476
おめシス	【ﾗｯﾀｯﾀｧ!】独りんぼエンヴィー / 初音ミク byおめがシスターズ	独りんぼエンヴィー	s9IvNnu0kqc	168913
おめシス	【ﾒｰﾃﾞｰ】ゴーストルール / 初音ミク byおめがシスターズ	ゴーストルール	FVfim9jNQVg	121512
おめシス	【まどマギ】コネクト / ClariS by おめがシスターズ	コネクト	sYNL6WlW-e8	190381
おめシス	【血界戦線】シュガーソングとビターステップ / UNISON SQUARE GARDEN by おめがシスターズ	シュガーソングとビターステップ	pSBk3QVY3cA	379030
おめシス	【あおガル】恋のカトレア通り(cover) by きれいなおめシス	恋のカトレア通り	b0nF7oUbsfg	137801
おめシス	ホウキ雲 / RYTHEM by おめがシスターズ	ホウキ雲	9Ppv1wvwHXI	106208
おめシス	透明声彩 / YuNi by おめがシスターズ	透明声彩	58al_aq_E2M	49512
天神子兎音	【歌ってみた】千本桜 feat. 初音ミク【cover by 天神子兎音】	千本桜	hvFlaniw3rw	374256
天神子兎音	【天神子兎音】フーアーユーなんて言わないで【オリジナル曲】	フーアーユーなんて言わないで	lB0TkRmEXQA	1126368
天神子兎音	【歌ってみた】シャルル / バルーン【天神子兎音cover】	シャルル	7SNFxThH1Bc	852212
天神子兎音	【歌ってみた】メルト / ryo【天神子兎音cover】	メルト	TpNNEAnJHrE	485389
天神子兎音	【歌ってみた】Calc. / ジミーサムP【天神子兎音cover】	Calc.	ZgKDt3zvf9Q	356133
天神子兎音	【歌ってみた】ロキ / みきとP【天神子兎音cover】	ロキ	4knjZf6neh4	2294506
天神子兎音	【歌ってみた】1925 / 冨田悠斗【天神子兎音cover】	1925	KRq6k_eo1wo	207933
天神子兎音	【歌ってみた】またあした / ふわりP【天神子兎音cover】	またあした	wp9DGNwD7Hs	114879
天神子兎音	【歌ってみた】いかないで / 想太【天神子兎音cover】【short ver.】	いかないで	Yj6aOAJ6l1Y	78317
天神子兎音	【歌ってみた】チュルリラ・チュルリラ・ダッダッダ！ / 和田たけあき【天神子兎音cover】	チュルリラ・チュルリラ・ダッダッダ！	8SIDO8pWAlI	999430
天神子兎音	【歌ってみた】東京テディベア / Neru 【天神子兎音cover】	東京テディベア	J9ZT1Y3mcKw	282589
天神子兎音	【歌ってみた】エイリアンエイリアン / ナユタン星人 【天神子兎音cover】	エイリアンエイリアン	WMLT4pxwWM0	759458
天神子兎音	【歌ってみた】God Knows... / 涼宮ハルヒ【天神子兎音cover】	God knows...	qKmBRuHyOdE	528966
天神子兎音	【コラボ】脳漿炸裂ガール 歌ってみた - 天神子兎音×YuNi	脳漿炸裂ガール	CYpOUcLtwT0	551919
天神子兎音	【YuNi×天神子兎音】クノイチでも恋がしたい / みきとP【歌ってみたコラボ】	クノイチでも恋がしたい	r6-gB_ypjsM	756727
天神子兎音	【歌ってみた】ゴーストルール / DECO*27 【天神子兎音cover】	ゴーストルール	QOmCr33TkBs	762265
天神子兎音	【歌ってみた】only my railgun / fripSide【天神子兎音cover】	only my railgun	7l2Wp_LB9ts	842802
天神子兎音	【歌ってみた】敗北の少年 / kemu 【天神子兎音cover】	敗北の少年	QAQLbMLI_rM	304759
天神子兎音	【歌ってみた】初めての恋が終わる時 / ryo【天神子兎音cover】	初めての恋が終わる時	6VEw5zVsjlQ	131833
天神子兎音	【歌ってみた】そこに空があるから / 江崎とし子 【天神子兎音cover】	そこに空があるから	y0ASPri61Y4	74683
天神子兎音	【天神子兎音×樋口楓】SEVENTH HAVEN／Tokyo 7th シスターズ【歌ってみた】	SEVENTH HAVEN	N8K73cMLbAg	162140
天神子兎音	【樋口楓×天神子兎音】打上花火 / DAOKO × 米津玄師【歌ってみた】	打上花火	n0da64FMiDM	176427
天神子兎音	【響木アオ×天神子兎音】ビバハピ / Mitchie M【歌ってみた】	ビバハピ	1NkouNWZ4so	77724
天神子兎音	【歌ってみた】天ノ弱 / 164【天神子兎音cover】	天ノ弱	apoSRXjAdq8	253263
天神子兎音	【歌ってみた】終わりへ向かう始まりの歌 / supercell【天神子兎音cover】	終わりへ向かう始まりの歌	496Y52OT1_g	36084
天神子兎音	【歌ってみた】サイレントマジョリティ ー / 欅坂46【天神子兎音cover】	サイレントマジョリティー	My-1Qfn-I44	459162
天神子兎音	【歌ってみた】アンデッドエネミー / ギガP・スズム【天神子兎音cover】	アンデッドエネミー	ckU1zTua0G8	360604
天神子兎音	「アンインストール」（Arranged by Aire） ショートver「IMAGINATION vol.1」より【天神子兎音】	アンインストール	zO5H6NbWKZ4	11325
天神子兎音	【歌ってみた】不協和音 / 欅坂46【天神子兎音cover】	不協和音	rEiCTfOcCZs	98052
天神子兎音	【歌ってみた】さよならメモリーズ / supercell【天神子兎音cover】	さよならメモリーズ	Cs5GieimxBs	70429
天神子兎音	【歌ってみた】乙女解剖 / DECO*27【天神子兎音cover】	乙女解剖	j5AoE0m7_ZE	139196
天神子兎音	【歌ってみた】This game / 鈴木このみ【天神子兎音cover】	This game	aj1yNOS7LvM	202954
天神子兎音	【歌ってみた】ヒバナ / DECO*27【天神子兎音cover】	ヒバナ	H-PibUs-W7k	392517
天神子兎音	【歌ってみた】ブリキノダンス / 日向電工【天神子兎音cover】	ブリキノダンス	iT0KFo5VD2s	206906
天神子兎音	【歌ってみた】アスノヨゾラ哨戒班 / Orangestar【天神子兎音cover】	アスノヨゾラ哨戒班	kVMrmU4eZU8	70392
ルキロキ	【生きたい】だれかの心臓になれたなら / ユリイ・カノン【歌ってみた】	だれかの心臓になれたなら	UVm0hgiQipk	53113
ルキロキ	【不完全な】雨き声残響 / Orangestar【ロキが歌ってみた】	雨き声残響	rg35se4VMc8	31929
ルキロキ	【乙女な二人が】乙女解剖 / DECO*27【歌ってみた】	乙女解剖	loQLUzadjQw	50015
ルキロキ	【ここにあるよ】心做し / 蝶々P【ルキが歌ってみた】	心做し	FGQquA51OaU	38858
ルキロキ	【ララちゃんとロキで】ハロ／ハワユ / ナノウ【歌ってみた】	ハロ／ハワユ	r4OfG-qL5EI	69088
ルキロキ	【愛したっていいじゃないか 】 モザイクロール / DECO*27【歌ってみた】	モザイクロール	JEmjFuKgsQA	72364
ルキロキ	【悪夢の始まり】 スーサイドパレヱド / ユリイ・カノン【歌ってみた】	スーサイドパレヱド	FtYP1MfUvlA	145728
ルキロキ	【王様になりたい】しんでしまうとはなさけない！/じーざすP【歌ってみた】	しんでしまうとはなさけない！	dn4cKo18Uf8	70977
ルキロキ	【溶けていく】メルティランドナイトメア/はるまきごはん【歌ってみた】	メルティランドナイトメア	R2Por8y7Zhg	52211
ルキロキ	【想いを込めて】オレンジ/トーマ【歌ってみた】	オレンジ	8nG6xWFZQ0E	91131
ルキロキ	【愛や厭】妄想感傷代償連盟/DECO*27【ルキが歌ってみた】	妄想感傷代償連盟	3MVNJsWSJEI	202659
ルキロキ	【未完成な二人が】ヒバナ/DECO*27【歌ってみた】	ヒバナ	lYOQN11WoX8	183698
ルキロキ	【力の限り】メリュー/ナブナ【ロキが歌ってみた】	メリュー	at6FIQlP6Zg	77239
ルキロキ	【しゅき】エイリアンエイリアン/ナユタン星人【歌ってみた】	エイリアンエイリアン	cXLyJqI77kg	136163
ルキロキ	【僕は誰？】拝啓ドッペルゲンガー/kemu【歌ってみた】	拝啓ドッペルゲンガー	OWUACUFsKeA	356233
ルキロキ	【回って回って】からくりピエロ／40mP【歌ってみた】	からくりピエロ	ZIWRP3kD3vs	109713
ルキロキ	【継ぎ接ぎ狂った双子が】マトリョシカ／ハチ【歌ってみた】	マトリョシカ	vVqIhWxwNeE	147796
ルキロキ	【せやな】何でも言うことを聞いてくれるロキチャン【歌ってみた】	何でも言うことを聞いてくれるアカネチャン	Y0B5jbpb9u4	252137
ルキロキ	【そらともが】未練レコード/ときのそら×40mP【歌ってみた】	未練レコード	KPlxewKbWy0	50475
ルキロキ	【ルキがロキをルキにして】ロキ/みきとP【歌ってみた】	ロキ	jLMh1KNmzwI	642529
道明寺ここあ	【初投稿】Rising Hope 歌ってみた  - 道明寺ここあ【魔法科高校の劣等生OP/LiSA】	Rising Hope	4ns7aPLDP70	1601988
道明寺ここあ	【道明寺ここあ】unravel 歌ってみた【東京喰種トーキョーグールOP/TK from 凛として時雨】	unravel	cwjjS6MfIkw	1129824
道明寺ここあ	【道明寺ここあ】メルト 歌ってみた	メルト	yWxuBzb83DY	1045302
道明寺ここあ	【道明寺ここあ】シャルル 歌ってみた	シャルル	hAYfIIGIMCc	2254298
道明寺ここあ	【道明寺ここあ】サンビカ 歌ってみた【キルラキル挿入歌/藍井エイル】	サンビカ	GOZAo6xmb5w	929468
道明寺ここあ	【道明寺ここあ】ピースサイン 歌ってみた【僕のヒーローアカデミアOP/米津玄師】	ピースサイン	l5FOt1OAfOc	1643103
道明寺ここあ	【道明寺ここあ】Wherever you are  歌ってみた【ONE OK ROCK】	Wherever you are	xSUgfiyQf0M	652000
道明寺ここあ	【道明寺ここあ】Mighty Long Fall 歌ってみた【ONE OK ROCK】	Mighty Long Fall	iWPBZi8RcqI	277588
道明寺ここあ	道明寺ここあが吹っ切れた【おちゃめ機能】	おちゃめ機能	mjwbAgu7CWU	917671
道明寺ここあ	【道明寺ここあ】砂の惑星　歌ってみた【ハチ】	砂の惑星	iqndwWqlfR8	916014
道明寺ここあ	【胸がギュッとした】君の知らない物語 歌ってみた【化物語ED/supercell】	君の知らない物語	nlP1OnR8S8k	678349
道明寺ここあ	【寂しい】命に嫌われている。 歌ってみた【初音ミク/カンザキイオリ】	命に嫌われている。	9_IKgqsnfco	1386206
道明寺ここあ	【ﾊﾞｰﾁｬﾙのど自慢】愛をこめて花束を  歌ってみた【Superfly/cover】	愛をこめて花束を	yOYEKiiFJCw	1176772
道明寺ここあ	【掴み取れ！】Catch the Moment　歌ってみた【ソードアート・オンライン 主題歌 / LiSA】	Catch the Moment	Z82UOYjwl6M	640902
道明寺ここあ	【学校で！】『ロキ』歌ってみた！【ゲーム部の皆さんと！】	ロキ	f8exumiQ_ck	2412880
道明寺ここあ	【切なく】うたかた花火　歌ってみた【NARUTO疾風伝ED/supercell】	うたかた花火	j6QMF99JfLo	335920
道明寺ここあ	【研ぎ澄ませ!】完全感覚Dreamer 歌ってみた【ONE OK ROCK】	完全感覚Dreamer	l0V9rt9McYM	1769606
道明寺ここあ	【大爆発！】No pain, No game　歌ってみた【BTOOOM！OP/ナノ】	No pain, No game	Hj-Wda9cO8g	442564
道明寺ここあ	【腕が筋肉痛】エイリアンエイリアン 歌ってみた - 道明寺ここあ【ナユタン星人】	エイリアンエイリアン	LKfsadAxu5s	879261
道明寺ここあ	【王の力！】The Everlasting Guilty Crown 歌ってみた - 道明寺ここあ【ギルティクラウンOP/EGOIST】	The Everlasting Guilty Crown	7O7emKO5RpQ	607944
道明寺ここあ	【ギターに挑戦！】God knows... 歌ってみた - 道明寺ここあ【涼宮ハルヒの憂鬱挿入歌/平野綾】	God knows...	Ug1mTGc2Jqs	523792
道明寺ここあ	【満開】打上花火 歌ってみた - 道明寺ここあ【DAOKO × 米津玄師】	打上花火	4zmQFZmP9lA	229632
道明寺ここあ	【あなたに届け！】太陽系デスコ　歌ってみた - 道明寺ここあ【ナユタン星人】	太陽系デスコ	66LzA1Xes-Y	765716
道明寺ここあ	【君の名は。】前前前世 歌ってみた - 道明寺ここあ【RADWIMPS】	前前前世	oxjwYtJkxG4	252289
花譜	【歌ってみた】少女レイ covered by 花譜	少女レイ	UqmEmohjbOE	63076
花譜	【歌ってみた】フラジール covered by 花譜	フラジール	5NMSH6piKZU	133897
花譜	【歌ってみた】凍えそうだ covered by 花譜	凍えそうだ	KM8Jh3D3hgA	89085
花譜	【歌ってみた】五月雨 covered by 花譜	五月雨	R1Gph3qEijw	184148
花譜	【歌ってみた】想像フォレスト covered by 花譜	想像フォレスト	sHlNoBD_rj4	162276
花譜	【歌ってみた】打上花火 covered by 花譜	打上花火	R0BHfKV9ioI	114606
花譜	【歌ってみた】Lemon covered by 花譜	Lemon	SNapiB5_dx0	146164
花譜	【歌ってみた】回る空うさぎ covered by 花譜	回る空うさぎ	i30TA3V527A	169962
花譜	【歌ってみた】死んでしまったのだろうか covered by 花譜	死んでしまったのだろうか	3j0znl2cYAs	220773
花譜	【歌ってみた】またねがあれば covered by 花譜	またねがあれば	6pEDTxHm-Ek	144379
花譜	【歌ってみた】さよならミッドナイト covered by 花譜	さよならミッドナイト	y4sHBySTCzk	91047
花譜	【歌ってみた】猛独が襲う covered by 花譜	猛独が襲う	jpwy7kP8Pps	266466
花譜	花譜　#17　「雛鳥」 【オリジナルMV】	雛鳥	M1RIUrgJqWw	298634
花譜	花譜　#15　「忘れてしまえ」 【オリジナルMV】	忘れてしまえ	2Nj1l-S2FJU	211617
花譜	花譜　#13　「忘れてしまえ」-予告編- 【オリジナルMV】	忘れてしまえ	RWJkwQrnKW0	23966
花譜	花譜　#11　「魔女」 【オリジナルMV】	魔女	AqwFHfsAlx0	327729
花譜	花譜　#09　「心臓と絡繰」 【オリジナルMV】	心臓と絡繰	hcm1LGOxJbc	1432512
花譜	花譜　#08　「心臓と絡繰」-予告編②- 【オリジナルMV】	心臓と絡繰	NF5ySTQuE4A	26552
花譜	花譜　#07　「心臓と絡繰」-予告編①- 【オリジナルMV】	心臓と絡繰	J8rBt5AuFcs	23421
花譜	花譜　#06　「糸」 【オリジナルMV】	糸	3Wtx6k2vInU	310343
花譜	花譜　#05　「糸」-予告編- 【オリジナルMV】	糸	FhlwWC4vwy4	23976
樋口楓	BREAK THIS WALL feat. キツネDJ【樋口楓オリジナル曲】	BREAK THIS WALL feat. キツネDJ	UYBUbjeGJdE	30367
樋口楓	【コラボ・第一弾！】「BOYS & GIRLS 3.0 feat. 樋口楓」 / キツネDJ	BOYS & GIRLS 3.0 feat. 樋口楓	KlgMpBK4-os	15628
樋口楓	Harmony!!【樋口楓オリジナル曲】	Harmony!!	8sGdUV18h4w	18877
樋口楓	放課後Memory【樋口楓オリジナル曲】	放課後Memory	pGdJHcAAPlc	52288
樋口楓	burning forest【樋口楓オリジナル曲】	burning forest	JLt-Z2BO3Lk	27892
樋口楓	「だってアタシのヒーロー。」cover.樋口楓（Arranged by PandaBoY）【試聴動画】	だってアタシのヒーロー。	m7Jw3a6W7ck	53416
樋口楓	【にじさんじjk組】dream triangle【オリジナル曲】	dream triangle	M9VZ-BczRH0	114504
樋口楓	【5人で前夜祭】 バレンタイン・キッス 歌ってみた - 樋口楓×因幡はねる×響木アオ×シスター・クレア×YuNi	バレンタイン・キッス	LhxFEWOoMgI	307249
樋口楓	樋口楓1stライブ「KANA-DERO」ライブ映像特別公開！『響鳴』	響鳴	NcaGIXz6fdI	155147
樋口楓	【樋口楓×天神子兎音】打上花火 / DAOKO × 米津玄師【歌ってみた】	打上花火	n0da64FMiDM	176427
樋口楓	月夜ノ空 full ver.【樋口楓オリジナル曲】	月夜ノ空	mgw7dgA4nNE	112713
樋口楓	【天神子兎音×樋口楓】SEVENTH HAVEN／Tokyo 7th シスターズ【歌ってみた】	SEVENTH HAVEN	N8K73cMLbAg	162140
樋口楓	皐月の風【樋口楓オリジナル曲】	皐月の風	w565CF7KsHA	35877
樋口楓	奏でろ音楽！！！full ver.【樋口楓オリジナル曲】	奏でろ音楽！！！	Vs9dX8C9Cn8	115154
樋口楓	デロッパ！【樋口楓オリジナル曲】	デロッパ！	P9CBFmk5H8Q	46826
樋口楓	WISH!【樋口楓オリジナル曲】	WISH!	78JaNSdVOMQ	79954
樋口楓	【樋口楓&える】けろっぐふろっぐ！【オリジナル曲】	けろっぐふろっぐ！	sRpg90RGRJg	47788
樋口楓	焼森のファンファーレ【樋口楓オリジナル曲】	焼森のファンファーレ	ML9x7s7SMBE	135121
樋口楓	WINDING ROAD byおめがシスターズ×樋口楓【歌ってみた】	WINDING ROAD	DxQVcC-yJV0	125840
樋口楓	【ロボ子さん×樋口楓】Happy Halloween 【歌ってみた】	Happy Halloween	v6u80eYSLvc	151684
樋口楓	【ロボ子さん×樋口楓】PLATONIC GIRL 【歌ってみた】	PLATONIC GIRL	_cUTVL2Nj6o	191260
樋口楓	【にじさんじJK組】dream triangle short ver.【オリジナル曲】	dream triangle	FhF8PEGAF2Y	140688
樋口楓	【静凛&樋口楓】Dress me up!!【オリジナル曲】	Dress me up!!	yCTsaVg6f3g	85324
樋口楓	曇り空のフィルム【樋口楓オリジナル曲】	曇り空のフィルム	PbW6Q1FdQEg	43378
樋口楓	月夜ノ空【樋口楓オリジナル曲】	月夜ノ空	Zrq5lRWmCVc	55908
樋口楓	夜咄ディセイブ / IA ( cover by かしこまり ＆ 樋口楓 )	夜咄ディセイブ	vcU_AUayrio	491843
樋口楓	楓色の向こう【樋口楓オリジナル曲】	楓色の向こう	AgOWBMkU24g	56175
樋口楓	MapleDancer【樋口楓オリジナル曲】	MapleDancer	OLWqLMbq5QY	660054
樋口楓	キミの友達【樋口楓オリジナル曲】	キミの友達	JG-mcEtEpRY	56272
樋口楓	やきもち☆ハートブレイク【樋口楓オリジナル曲】	やきもち☆ハートブレイク	zu1ikUGv4Qc	63829
樋口楓	奏でろ音楽！！！ VR live ver.【樋口楓オリジナル曲】	奏でろ音楽！！！	rGGGenfukR8	73220
樋口楓	奏でろ音楽！！！【樋口楓オリジナル曲】	奏でろ音楽！！！	MuFxkZMtv_M	100952
樋口楓	Liver's High!!【樋口楓オリジナル曲】	Liver's High!!	O-Ndo_JKTAY	97048
樋口楓	放課後Melty【樋口楓オリジナル曲】	放課後Melty	W9rkEnT9Q_8	110443
樋口楓	Maple【樋口楓オリジナル曲】	Maple	0jseKaZGFzM	209734
樋口楓	Harmony!! ワンコーラスver.【樋口楓オリジナル曲】	Harmony!!	_7yLua9O9Us	137842
響木アオ	【歌ってみた】シャルル / バルーン【響木アオ】	シャルル	pqvKIQMWkOY	18596
響木アオ	【替え歌】おちゃめ機能 / covered by 響木アオ【歌ってみた】	おちゃめ機能	YzRng3mNaQg	5090
響木アオ	【新人アイドルが】“私、アイドル宣言”歌ってみた【響木アオ】	私、アイドル宣言	gyBMk2sAbrs	18714
響木アオ	【歌ってみた】Mariah Carey(マライア・キャリー) / All I Want For Christmas Is You『恋人たちのクリスマス』【Covered by 響木アオ】	All I Want For Christmas Is You	2IhVS4wAtKM	9906
響木アオ	【歌ってみた】Lemon / 米津玄師	Lemon	i54nTY_Xgl4	55024
響木アオ	【Cover】Virtual Insanity / Jamiroquai【歌ってみた】	Virtual Insanity	je9Kzc-J4WM	44034
響木アオ	【歌ってみた】打上花火  / DAOKO × 米津玄師	打上花火	D11JIOXu_6I	31078
響木アオ	【歌ってみた】はじめてのチュウ / あんしんパパ【Cover】	はじめてのチュウ	6e_5_KtJkFw	15866
響木アオ	ハロ／ハワユ【歌ってみた♪】	ハロ／ハワユ	kYGg1vWMbfA	28604
響木アオ	初めての恋が終わる時【歌ってみた♪】	初めての恋が終わる時	lHAQRminNmc	12839
響木アオ	【歌ってみた】にんじゃりばんばん(Ninja Re Bang Bang)  / きゃりーぱみゅぱみゅ	にんじゃりばんばん	08hVIe4MnhU	17207
響木アオ	【歌ってみた】廃墟の国のアリス/まふまふ feat. 初音ミク【響木アオ】	廃墟の国のアリス	GKlOTi-A2xE	28327
響木アオ	【歌ってみた】クリスマスソング / back number【響木アオ】	クリスマスソング	7AAJu3UQQ8Q	7649
響木アオ	【歌ってみた】Kizuna AI/future base (Prod.Yunomi)【Covered by 響木アオ】	future base	tLCTlXcDUhQ	6952
響木アオ	【響木アオ×天神子兎音】ビバハピ / Mitchie M【歌ってみた】	ビバハピ	1NkouNWZ4so	77724
響木アオ	【歌って踊ってみた】チカっとチカ千花っ♡covered by 響木アオ【かぐや様は告らせたい】	チカっとチカ千花っ♡	JklXfqM_yeQ	17715
響木アオ	【5人で前夜祭】 バレンタイン・キッス 歌ってみた - 樋口楓×因幡はねる×響木アオ×シスター・クレア×YuNi	バレンタイン・キッス	LhxFEWOoMgI	307249
花鋏キョウ	【2019.05.10リリース】 花鋏キョウ 1stシングル『蒼に躊躇う』トレーラー /試聴動画	蒼に躊躇う	8kRXHWmPf5U	3929
花鋏キョウ	アウトサイダー／花鋏キョウ【歌ってみた】	アウトサイダー	hSqSNSlK0vw	77775
花鋏キョウ	【wowaka】アンノウン・マザーグース／歌ってみた【花鋏キョウ＆獅子神レオナ＆流石乃ルキ＆流石乃ロキ】	アンノウン・マザーグース	PwMZhdyZHVI	846880
花鋏キョウ	蒼に躊躇う - 花鋏キョウ MV	蒼に躊躇う	TtD7xcruYAk	94937
花鋏キョウ	乙女解剖／花鋏キョウ【歌ってみた】	乙女解剖	oi9RoNCdLno	229012
花鋏キョウ	back number／HAPPY BIRTHDAY（ドラマ『初めて恋をした日に読む話』主題歌）cover by 花鋏キョウ	HAPPY BIRTHDAY	IIRqqGthsHI	40590
花鋏キョウ	【花鋏キョウ】I beg you / Aimer【歌ってみた】『Fate/stay night [Heaven's Feel]』	I beg you	8ehrYKvd5ag	111286
花鋏キョウ	【歌ってみた】サイレントマジョリティ ー / 欅坂46【花鋏キョウcover】	サイレントマジョリティー	tiwYwFmEKuI	219298
花鋏キョウ	誓い / 宇多田ヒカル（cover）花鋏キョウ【KINGDOM HEARTS III エンディングテーマ】	誓い	0TfJmj-3aEo	67190
花鋏キョウ	【supercell】さよならメモリーズ／花鋏キョウ【歌ってみた】	さよならメモリーズ	JOcwaqpLSWU	97473
花鋏キョウ	眩しいDNAだけ／ずっと真夜中でいいのに。（cover）花鋏キョウ【ずとまよ】【歌ってみた】	眩しいDNAだけ	t9AfuYngEd8	191459
花鋏キョウ	ヨルシカ - 藍二乗（cover）花鋏キョウ	ヨルシカ	EwwCPPCL0k4	238211
花鋏キョウ	天体観測 / BUMP OF CHICKEN（ cover by 花鋏キョウ ）	天体観測	Huccgoru2n4	334191
花鋏キョウ	【ずとまよ】ヒューマノイド／ずっと真夜中でいいのに。（cover）花鋏キョウ【歌ってみた】	ヒューマノイド	jEE_foq1cM8	217195
花鋏キョウ	【米津玄師】砂の惑星 feat.初音ミク/ハチ (cover) - 花鋏キョウ【歌ってみた】	砂の惑星	1FfJumM0G3M	148084
花鋏キョウ	【アレンジver】シャルル ／ バルーン (cover) by花鋏キョウ【歌ってみた】	シャルル	lovGbRw8R7c	277598
花鋏キョウ	打上花火/DAOKO × 米津玄師(Covered by 花鋏キョウ & 夜霧メイ)	打上花火	fiY2Dug7U-s	70400
花鋏キョウ	夜もすがら君想ふ 歌ってみた【花鋏キョウ】	夜もすがら君想ふ	3g-ZzwsUf48	135095
花鋏キョウ	【Eve】ラストダンス 歌ってみた【花鋏キョウ】	ラストダンス	RnOH_kL42nI	433825
花鋏キョウ	フィクサー／花鋏キョウ【歌ってみた】	フィクサー	ubVlzwY_ZkQ	318934
花鋏キョウ	【女性が歌う】クリスマスソング / back number (フルカバー) by 花鋏キョウ【vtuber】	クリスマスソング	nI-9rVc_RI8	107369
花鋏キョウ	【女性が歌う】前前前世/RADWIMPS『君の名は。』主題歌(Covered by 花鋏キョウ)	前前前世	XwRyIYmMCzw	72421
花鋏キョウ	夢ファンファーレ ／ 花鋏キョウ×双理マイ【歌ってみた】	夢ファンファーレ	AAbLoF-zc_8	65951
花鋏キョウ	【女性が歌う】TEENAGE RIOT（米津玄師）/covered by 花鋏キョウ / 『GATSBY COP』CMソング【VTuber】	TEENAGE RIOT	HEql9BoUE4s	165149
花鋏キョウ	【女性が歌う】奏/スキマスイッチ（Cover by 花鋏キョウ）『一週間フレンズ。』主題歌	奏	S19I8ko-HUk	225012
花鋏キョウ	愛言葉Ⅲ - DECO*27(Cover) / 花鋏キョウ【歌ってみた】	愛言葉Ⅲ	uP0rBmGkvq4	194847
花鋏キョウ	【女性が歌う】米津玄師 「Flamingo」(Covered by 花鋏キョウ)/ソニー 完全ワイヤレスヘッドホン CMソング	Flamingo	DwErLL60GXk	2065388
花鋏キョウ	脳裏上のクラッカー(Covered by 花鋏キョウ)【ずとまよ】【歌ってみた】	脳裏上のクラッカー	oA8AbUXFVQo	594393
花鋏キョウ	ロキ 歌ってみた【花鋏キョウ×獅子神レオナ】	ロキ	DN_KpMjdMUM	796560
花鋏キョウ	瞬き／back number「8年越しの花嫁 奇跡の実話」主題歌(Covered by 花鋏キョウ)	瞬き	pd9FXA5C4CU	260424
花鋏キョウ	【米津玄師】Lemon／米津玄師(Covered by 花鋏キョウ)ドラマ『アンナチュラル』主題歌	Lemon	4LX0CjZsQV0	366204
花鋏キョウ	【女性が歌う】ヨンジュウナナ／みきとP feat. 初音ミク(Covered by 花鋏キョウ)【歌ってみた】	ヨンジュウナナ	ciGp8jmnmqk	235639
花鋏キョウ	【女性が歌う】じん−アディショナルメモリー/ JIN−Additional Memory(Covered by 花鋏キョウ)【歌ってみた】	アディショナルメモリー	jajOPxWbpnM	1013890
花鋏キョウ	廃墟の国のアリス／まふまふ feat. 初音ミク(Covered by 花鋏キョウ)【歌ってみた】	廃墟の国のアリス	NMdNolKVVco	558207
花鋏キョウ	ミュージックミュージックとあ feat. 初音ミク（Covered by 花鋏キョウ)【歌ってみた】	ミュージックミュージック	TUtkwmdEXQw	137095
花鋏キョウ	アイネクライネ/米津玄師(Covered by 花鋏キョウ)【歌ってみた】	アイネクライネ	8ZukcDdTc1I	368517
ロボ子さん	【ロボ子さん】secret base〜君がくれたもの〜【VTuberコンピレーションアルバム「IMAGINATION vol.1」】	secret base ～君がくれたもの～	yU5_w__2FBo	26991
ロボ子さん	【MMD公開記念】おねがいダーリン 歌ってみた【ロボ子さん】	おねがいダーリン	RJwpJIe5FmY	173412
ロボ子さん	【ロボ子さん×樋口楓】Happy Halloween 【歌ってみた】	Happy Halloween	v6u80eYSLvc	151684
ロボ子さん	【ロボ子さん・白上フブキ】嗚呼素晴らしきニャン生【ドーラ・鷹宮リオン】	嗚呼素晴らしきニャン生	Mb2oMO-SK7w	44147
ロボ子さん	【ロボ子さん】メルティランドナイトメア【オリジナルMV】	メルティランドナイトメア	Klsca1OcwH8	212178
ロボ子さん	【歌ってみた】少年と魔法のロボット【VTuberチャリティーライブ】	少年と魔法のロボット	48DgT4-JYZA	31661
ロボ子さん	【歌ってみた】ロボ子、あっかんべーだ　歌ってみた。【オリジナルPV 】	あっかんべーだ	e_EqIA6ZWqs	199630
ロボ子さん	【ロボ子さん×樋口楓】PLATONIC GIRL 【歌ってみた】	PLATONIC GIRL	_cUTVL2Nj6o	191260
ロボ子さん	【全部美兎】シュガーソングとビターステップ OFF(全部美兎)を…歌ってみた【ロボ子さん】	シュガーソングとビターステップ	8SRe-pPLaG0	46284
ココツキ	命のユースティティア/covered by ココツキ【歌ってみた】	命のユースティティア	w6IgnKR3LHY	112665
ココツキ	秒針を噛む/covered by ココツキ【歌ってみた】	秒針を噛む	Pl85zCoxabg	41716
ココツキ	【女性2人で】ヒバナ/covered by ココツキ【歌ってみた】	ヒバナ	umHhriJ8n7U	114680
ココツキ	【女性2人で】心做し/covered by ココツキ【歌ってみた】	心做し	QgouH0x07_Y	77767
ココツキ	【女性2人で】3月9日/covered by ココツキ【歌ってみた】	3月9日	aQG-qc9YdTc	36440
ココツキ	【女性2人で】narrative/covered by ココツキ【歌ってみた】	narrative	NF7p33anu5U	16847
ココツキ	【女性2人で】ロキ/covered by ココツキ【歌ってみた】	ロキ	mVVGhAjsKa4	42906
ココツキ	【女性2人で】ADAMAS/covered by ココツキ【歌ってみた】	ADAMAS	fZQ3_ClwQrk	53163
ココツキ	【女性2人で】ゴーストルール/covered by ココツキ【歌ってみた】	ゴーストルール	8c68uV-MqEw	29040
ココツキ	【女性2人で】メリュー/covered by ココツキ【歌ってみた】	メリュー	RKpkYwiHKXQ	11143
ココツキ	【ニコニコ超会議】命のユースティティア/covered by ココツキ【歌ってみた】	命のユースティティア	ARTtJf3dp08	22362
獅子神レオナ	獅子神レオナ - Buraikku Jikorizer / 無頼ック自己ライザー 歌ってみた	無頼ック自己ライザー	8Gx30E8CNsk	43572
獅子神レオナ	ヨルシカ - ヒッチコック covered by 獅子神レオナ【歌ってみた】	ヨルシカ	2TKu32mgwq8	57068
獅子神レオナ	【wowaka】アンノウン・マザーグース／歌ってみた【花鋏キョウ＆獅子神レオナ＆流石乃ルキ＆流石乃ロキ】	アンノウン・マザーグース	PwMZhdyZHVI	846880
獅子神レオナ	メーベル / バルーン(cover) - 獅子神レオナ＆流石乃ロキ	メーベル	BszJVKvubcE	200917
獅子神レオナ	丸ノ内サディスティック covered by 獅子神レオナ【歌ってみた】	丸ノ内サディスティック	R6oaVdYkrSw	88383
獅子神レオナ	「glow」歌ってみた【獅子神レオナ】	glow	n3FsBSLibsI	72846
獅子神レオナ	君はロックを聴かない ／ あいみょん(cover) by 獅子神レオナ	君はロックを聴かない	0UNOO_50Y8Q	181348
獅子神レオナ	【歌ってみた】フィクサー／獅子神レオナ【Vtuber】	フィクサー	iwFXWBZ1cEI	129763
獅子神レオナ	【歌ってみた】夢ファンファーレ - 丑牡てぃあ × 獅子神レオナ	夢ファンファーレ	6tJo5NWpdMQ	9193
獅子神レオナ	【OBK'S】桜ノ雨【歌ってみた】	桜ノ雨	GdRNa72_3hU	52181
獅子神レオナ	【獅子神レオナ＆綺羅星ウタ】　再教育　【歌ってみた】	再教育	Qs4x4Ko4rAY	46259
獅子神レオナ	【歌ってみた】on the rocks 【唯牙コハク×獅子神レオナ】	on the rocks	6lM31jEl568	38009
獅子神レオナ	綺羅星ウタ×獅子神レオナ「革命デュアリズム」歌ってみた	革命デュアリズム	No0UxRe5IE4	52630
獅子神レオナ	【時をかける少女】変わらないもの / vo.獅子神レオナ【歌ってみた】	変わらないもの	WBQv67L5VZY	64900
獅子神レオナ	【OBK‘S】神のまにまに【歌ってみた】	神のまにまに	Inbifi8dDMw	125784
獅子神レオナ	【マクロスΔ】いけないボーダーライン / vo.獅子神レオナ & 水瓶ミア【歌ってみた】	いけないボーダーライン	_m6ylUQ9_nQ	117581
獅子神レオナ	【UNISON SQUARE GARDEN】シュガーソングとビターステップ / vo.獅子神レオナ【歌ってみた 】	シュガーソングとビターステップ	k85XEb9j-mw	157433
獅子神レオナ	【コレサワ】たばこ / vo.獅子神レオナ【歌ってみた】	たばこ	W5eCr-_rl9I	104611
獅子神レオナ	【DECO*27】ヒバナ / vo.獅子神レオナ【歌ってみた】	ヒバナ	BV406hFrDk8	411186
獅子神レオナ	【ONE OK ROCK】Wherever you are / vo.獅子神レオナ【歌ってみた】	Wherever you are	mMYaDs75Z2E	84655
獅子神レオナ	【OBK‘S】好き！雪！本気マジック【歌ってみた】	好き！雪！本気マジック	d2HPMxnK2x4	40018
獅子神レオナ	【back number】クリスマスソング / vo.獅子神レオナ【歌ってみた】	クリスマスソング	ftk4DxmmIBY	286763
獅子神レオナ	【あいみょん】愛を伝えたいだとか / vo.獅子神レオナ【歌ってみた】	愛を伝えたいだとか	kNQePK_J9rs	109386
獅子神レオナ	【ソロで】灰色と青 / vo.獅子神レオナ【歌ってみた】	灰色と青	T9s6NRLezDc	158959
獅子神レオナ	【生きて】命に嫌われている。 / vo.獅子神レオナ【歌ってみた】	命に嫌われている。	Y78khzdJMJE	370648
獅子神レオナ	【歌ってみた】告白予行練習 / vo.獅子神レオナ【VTuber】	告白予行練習	IYfEhy3HEjQ	41841
獅子神レオナ	【歌ってみた】劣等上等 Giga / 水瓶ミア×獅子神レオナ【VTuber】	劣等上等	ZTQLWq8BYP8	38542
獅子神レオナ	【歌ってみた】チェチェ・チェック・ワンツー / vo.獅子神レオナ【VTuber】	チェチェ・チェック・ワンツー！	WoLWZ3wmSoY	47179
獅子神レオナ	【女性が歌う】TEENAGE RIOT（米津玄師） / vo.獅子神レオナ / 『GATSBY COP』CMソング【VTuber】	TEENAGE RIOT	n6jW9CGlD4A	158559
獅子神レオナ	【本気のバラード】ラプンツェル / 獅子神レオナ【歌ってみた】	ラプンツェル	ZS-rrnpB10E	62325
獅子神レオナ	【女性が歌う】Flamingo（米津玄師）/ vo.獅子神レオナ【VTuber】	Flamingo	4lESqW6hZ0k	709160
獅子神レオナ	【歌ってみた】ラズベリー＊モンスター/ vo.獅子神レオナ 【VTuber】	ラズベリー＊モンスター	5g4jAgRkvvA	52523
獅子神レオナ	【歌ってみた】PLATONIC GIRL みきとP / 獅子神レオナ×花鋏キョウ【VTuber】	PLATONIC GIRL	K2Chm_HEPU8	196530
獅子神レオナ	【歌ってみた】シャルル/vo.獅子神レオナ【VTuber】	シャルル	UhOADo8Wm0g	223669
獅子神レオナ	ロキ 歌ってみた【花鋏キョウ×獅子神レオナ】	ロキ	DN_KpMjdMUM	796560
結城リノ	【歌ってみた】チュルリラ・チュルリラ・ダッダッダ！ / 和田たけあき【LIVE Ver.】結城リノ	チュルリラ・チュルリラ・ダッダッダ！	hZz8OBtNQSc	1792
結城リノ	[4K 60fps] ゴーストルール feat. 初音ミク / DECO*27【歌ってみた】結城リノ (Ghost Rule feat. Hatsune Miku)	ゴーストルール	4cebzQwBWLE	8368
結城リノ	【3D LIVE】エイリアンエイリアン / ナユタン星人【歌ってみた】- 結城リノ	エイリアンエイリアン	2FwoFK5fjcw	3273
結城リノ	【生歌】Lemon / 米津玄師【歌ってみた】結城リノ	Lemon	dfHrsMU-lS0	8686
結城リノ	【4K映像】DECO*27 - 妄想感傷代償連盟 feat. 初音ミク【歌ってみた】結城リノ	妄想感傷代償連盟	q-V7CWiHEJQ	4790
結城リノ	【歌ってみた】シャルル / バルーン - 結城リノ	シャルル	U0tb-fHQ2b0	12782
結城リノ	【歌ってみた】千本桜 feat. 初音ミク【covered by 結城リノ】	千本桜	Di7kQyqJfQo	9392
結城リノ	【3D LIVE】おどりゃんせ 歌ってみた - 結城リノ	おどりゃんせ	8CTS0UST7zY	4217
結城リノ	【フル/歌詞付き】HAPPY BIRTHDAY / back number【Cover】（ドラマ「初めて恋をした日に読む話」主題歌）	HAPPY BIRTHDAY	S__1Mh8sZ1g	8595
結城リノ	【バレンタインに】メルト 歌ってみた【MVフル/歌詞付き】結城リノ-Vsinger-	メルト	QM-p5v6cBR0	3351
結城リノ	【ダンスMV】キミノヨゾラ哨戒班 歌ってみた - 結城リノ-Vsinger-	キミノヨゾラ哨戒班	HCSqPtoUeRg	4036
結城リノ	【MV】アスノヨゾラ哨戒班 歌ってみた - 結城リノ-Vsinger-	アスノヨゾラ哨戒班	MQJQVp9TFVo	3292
結城リノ	雪の華 / 中島美嘉（映画『雪の華』主題歌）【歌ってみた】- covered by 結城リノ	雪の華	G8lnAybbr4g	11989
結城リノ	【女性が歌う】米津玄師 「Flamingo」(Covered by 結城リノ) / ソニー 完全ワイヤレスヘッドホン CMソング	Flamingo	fjK34zMHzKo	7626
結城リノ	【フル/歌詞付き】Aimer『Sailing』ドラマ「レ・ミゼラブル 終わりなき旅路」主題歌（covered by 結城リノ）	Sailing	k3O9-Rs9790	3291
結城リノ	【オタク趣味は全然ないよ？】君の彼女 歌ってみた - 結城リノ / kimi no kanojo	君の彼女	7hbH7jS5s3M	1646
結城リノ	【フル/歌詞付き】Uru 『プロローグ』歌ってみた(生歌) - 結城リノ　TBS系 火曜ドラマ「中学聖日記」主題歌	プロローグ	iNgRKAGfHTk	2068
結城リノ	【Vtuber】夏の空は未だ明るいままで 歌ってみた - 結城リノ	夏の空は未だ明るいままで	p3VAVWBPLJc	1618
結城リノ	【チャイナドレスで♡】金星のダンス 歌ってみた - 結城リノ	金星のダンス	GiQhWjBczoQ	3484
結城リノ	【オリジナルMV】サディスティック・ラブ 歌ってみた - 結城リノ	サディスティック・ラブ	lNeWebIUesI	1182
結城リノ	【オリジナルMV】グリーンライツ・セレナーデ 歌ってみた - 結城リノ	グリーンライツ・セレナーデ	KYyjhtSvljs	5432
結城リノ	【オリジナルMV】おねがいダーリン 歌ってみた - 結城リノ	おねがいダーリン	xmZ0XsWluH0	1443
結城リノ	【歌ってみた】私、アイドル宣言【結城リノ】	私、アイドル宣言	WG7Qt_YBWXQ	1010
結城リノ	【歌ってみた】君の彼女【結城リノ】	君の彼女	jHNE3O1BDVw	889
結城リノ	【歌ってみた】チュルリラ・チュルリラ・ダッダッダ！【結城リノ】	チュルリラ・チュルリラ・ダッダッダ！	lIgb2nZiby4	1308
結城リノ	【女だけど歌ってみた】恋をしよう【結城リノ】	恋をしよう	2g_ImldtkEM	1022
結城リノ	【歌ってみた】花降らし【結城リノ】	花降らし	LBTHreNnLp4	1369
結城リノ	【歌ってみた】アウトサイダー【結城リノ】	アウトサイダー	kkp3EV6BkuA	1199
結城リノ	【初投稿】【歌ってみた】チェチェ・チェックワンツー！【結城リノ】	チェチェ・チェック・ワンツー！	YmE5_U8-tsI	1259
富士葵	【歌ってみた】命に嫌われている。/初音ミク/カンザキイオリ【富士葵】	命に嫌われている。	SfHYSBxPpuw	109375
富士葵	【歌ってみた】シャルル（short MV）／バルーン【富士葵カバーアルバム「声 〜Cover ch.〜」】	シャルル	jMLL9DYdt0A	61643
富士葵	【歌ってみた】ダダダダ天使/ナナヲアカリ【富士葵】	ダダダダ天使	nHIqE61zYsM	189315
富士葵	【歌ってみた】おとなの掟 / Doughnuts Hole ・ 椎名林檎と松崎ナオ【富士葵】『カルテット』	おとなの掟	LraAU_shDKY	114976
富士葵	【富士葵】雪の華/中島美嘉　 映画『雪の華』主題歌【歌ってみた】	雪の華	9ozaiKTyJ5M	218849
富士葵	【富士葵】I beg you / Aimer【歌ってみた】『Fate/stay night [Heaven's Feel]』	I beg you	ezGNv5NT0mY	708693
富士葵	【富士葵】恋愛サーキュレーション／千石撫子(花澤香菜)『化物語』【歌ってみた】	恋愛サーキュレーション	A8g6cuODzxc	198214
富士葵	【富士葵】月のワルツ／諫山実生／みんなのうた【歌ってみた】	月のワルツ	yA8wCtE62fU	320635
富士葵	口だけでカントリーロード歌ってみた / 耳をすませば主題歌/COUNTRY ROADS【富士葵】	カントリーロード	JtKUQWPSQr8	167040
富士葵	【富士葵】日々/吉田山田 【歌ってみた】みんなのうた	日々	r7YC2Ti1keU	55169
富士葵	【富士葵】月光/鬼束ちひろ 『TRICK』【歌ってみた】	月光	k6B-isLbj18	547165
富士葵	【富士葵】なんでもないや/RADWIMPS 『君の名は。』 【2018 Cover】	なんでもないや	aDnSbeC_kyw	179727
富士葵	【全部俺】Over The Rainbow／富士葵【歌ってみた】『オズの魔法使い』（The Wonderful Wizard of Oz）	Over The Rainbow	W8UOTqazeaU	66760
富士葵	【スマブラSP】 命の灯火／古賀英里奈『スマッシュブラザーズ』【歌ってみた】Super Smash Bros. Special	命の灯火	Wjf1366QIrw	407115
富士葵	【富士葵】今夜このまま／あいみょん『獣になれない私たち』【歌ってみた】	今夜このまま	mSg12nizeac	139480
富士葵	【富士葵】蝶々結び／Aimer【歌ってみた】	蝶々結び	SVqedq-_Y7Y	207877
富士葵	【富士葵】Flamingo／米津玄師【歌ってみた】	Flamingo	LpFlorv28_A	942904
富士葵	【歌ってみた】君の知らない物語／supercell【富士葵】『化物語ED』	君の知らない物語	bsgU_M83lJM	275605
富士葵	【歌ってみた】クソダサムーブでエイリアンエイリアン【富士葵】	エイリアンエイリアン	PLBi20neHbM	218473
富士葵	【富士葵】ピースサイン／米津玄師【歌ってみた】	ピースサイン	w2FjVnLyL8o	237753
富士葵	【歌ってみた】時を刻む唄／Lia 『CLANNAD 〜AFTER STORY〜』	時を刻む唄	kNzQowN6Z6M	229395
富士葵	【歌ってみた】you／癒月『ひぐらしのなく頃に』【弾き語り】	you	caPn1JQ2enY	395962
富士葵	【歌ってみた】鳥の詩／Lia 『AIR』	鳥の詩	_R-khs0_rJU	628894
富士葵	【Cover】射手座☆午後九時Don't be late／シェリル・ノーム starring May'n 『マクロスF』	射手座☆午後九時Don't be late	tAZlcp4mT-g	317558
富士葵	【ZEKKEI】桜坂/福山雅治　Sakurazaka/Masaharu Fukuyama【Cover】	桜坂	Okb7BGUwHLw	100398
富士葵	【Cover】ウィキッド『魔法使いと私』/Wicked "The Wizard and I"	魔法使いと私	zrFFXpZa23I	71359
富士葵	【Cover】secret base～君がくれたもの～/ZONE『あの日見た花の名前を僕達はまだ知らない』【ライブ音源】	secret base ～君がくれたもの～	rjYkPF4_g80	207771
富士葵	Fight!公式応援ソング『君のミライ』	君のミライ	NT9ZqcskfE4	100645
富士葵	【Cover】赤鬼と青鬼のタンゴ【みんなのうた】	赤鬼と青鬼のタンゴ	3MoW6LUolb8	74024
富士葵	【Cover】ひこうき雲/荒井由実(松任谷由実)　Hikouki Gumo/Yumi Arai(Yumi Matsutoya)【弾き語り】	ひこうき雲	YRMvGOA43Sc	133394
富士葵	【Cover】花ハ踊レヤいろはにほ/チーム“ハナヤマタ”『ハナヤマタ』【踊ってみた】	花ハ踊レヤいろはにほ	szyhyrYg7Cw	255148
富士葵	【Cover】夏祭り/JITTERIN'JINN・Whiteberry Natsu Matsuri/JITTERIN'JINN.Whiteberry	夏祭り	H6sAxQi8OM0	257036
富士葵	【Cover】夏色/ゆず Natsu Iro/Yuzu	夏色	RbBo0ERC90Y	376063
富士葵	【Cover】ライオン／May'n/中島愛 - 富士葵×ときのそらコラボ「そらあお」で歌ってみた	ライオン	rn54OXCuTZs	1603279
富士葵	【Cover】NIPPON/椎名林檎 - NIPPON/Sheena Ringo	NIPPON	pSVdXYWSHxQ	416567
富士葵	【Cover】明日への手紙/手嶌葵『いつかこの恋を思い出してきっと泣いてしまう』Asu e no Tegami/Aoi Teshima	明日への手紙	1Nlt9Vy4CuM	185247
富士葵	【Cover】ありがとう/いきものがかり『ゲゲゲの女房』　Arigato/IkimonoGakari"GeGeGe No Nyobo"	ありがとう	ZCF8AiaAd5c	399192
富士葵	【ありがとう】未来への旅立ちの日に	ありがとう	yIOX6MA4B7M	155837
富士葵	【Cover】Butter-Fly/和田光司『デジモンアドベンチャー』 Butter-Fly/Koji Wada”DIGIMON ADVENTURE”	Butter-Fly	TtgvPFkWQJo	307662
富士葵	【Cover】卒業写真/松任谷由実 SotsugyoShashin/Yumi Matsutoya	卒業写真	XsyobVYi46Q	115578
富士葵	【Cover】春よ、来い/松任谷由実 Haru Yo Koi/Yumi Matsutoya	春よ、来い	v-oX-iq3l0c	505783
富士葵	【Cover】歩いて帰ろう/斉藤和義『ポンキッキーズ』Aruite Kaerou/Kazuyoshi Saito "Ponkickies"	歩いて帰ろう	Qr1e-XuGuM8	170007
富士葵	【Cover】フリージア/Uru『機動戦士ガンダム 鉄血のオルフェンズ』Freesia/Uru "Mobile Suit Gundam: Iron-Blooded Orphans"	フリージア	sPE9vVOWjUE	944669
富士葵	【Cover】3月9日/レミオロメン March 9th/Remioromen	3月9日	FbqMJ1UucsY	299167
富士葵	【Cover】サザンカ/SEKAI NO OWARI　SAZANKA/SEKAI NO OWARI	サザンカ	8CNM6H_FKDY	138874
富士葵	【Cover】変わらないもの/奥華子『時をかける少女』Kawaranai Mono/Oku Hanako "The Girl Who Leapt Through Time"	変わらないもの	qeGDonntEzI	421047
富士葵	【Cover】奏(かなで)/スキマスイッチ『一週間フレンズ。』Kanade/Sukima Switch "One Week Friends"	奏	_E6f7gHX0R8	349557
富士葵	【Cover】富士葵、スーザンボイルと呼ばれて　夢やぶれて/Les Misérables	夢やぶれて	5nH5mFg9xYA	207637
富士葵	【Cover】希望という名の光/山下達郎  A Ray of Hope/Tatsuro Yamashita	希望という名の光	a1POL45GTTI	108227
富士葵	【Cover】炎のたからもの/BOBBY『カリオストロの城』Treasures of Time/BOBBY "THE CASTLE OF CAGLIOSTRO"	炎のたからもの	lMDs6mHrGVk	153422
富士葵	【Cover】テルーの唄/手嶌葵『ゲド戦記』Therru's Song/Aoi Teshima "Tales from Earthsea"	テルーの唄	CLvFdndsRuk	421471
富士葵	【Cover】前前前世(movie ver.)/RADWIMPS 『君の名は。』 Zenzenzense "Your Name"	前前前世	rNcmaeY37rM	264818
富士葵	【Cover】なんでもないや/RADWIMPS 『君の名は。』 Nandemonaiya "Your Name"	なんでもないや	2icJhamXyA0	985693
富士葵	【Cover】スパークル/RADWIMPS 『君の名は。』 Sparkle "Your Name"	スパークル	2z2qTuiwfrM	501187
町田ちま	【歌ってみた】変わらないもの／奥華子【町田ちま】	変わらないもの	Cch-8tl4z2g	139572
町田ちま	【歌ってみた】打上花火【町田ちまとゴンザレス】	打上花火	5hhpkY0Ht6w	59462
町田ちま	【アカペラ】未来へ/Kiroro【町田ちま】	未来へ	dB3UEHDBqE8	13737
町田ちま	【アカペラ】ありがとう/いきものがかり【町田ちま】	ありがとう	dLDDvmNMNUU	15241
町田ちま	【歌ってみた】フリージア/Uru【町田ちま】	フリージア	h41KFaq4UXc	130250
町田ちま	【歌ってみた】いのちの名前/木村弓【町田ちま】	いのちの名前	wYoY15CQUgo	26919
町田ちま	いのちの名前/町田ちま－VTM HIMARI MIX ver.－	いのちの名前	hb4af3Dsv6g	12650
える	【歌ってみた】ハロ/ハワユ【手描きPV】	ハロ／ハワユ	d1CR_M0Bvec	86200
虹河ラキ	#26 「君の知らない物語」｜歌ってみた【虹河ラキ/VTuber】	君の知らない物語	T39QLAMhruI	55711
虹河ラキ	#34【歌ってみた】「時計仕掛けの夢」【虹河ラキ/VTuber】	時計仕掛けの夢	Fn9YxucRNOc	23238
虹河ラキ	「Joy to the world」歌ってみた【虹河ラキ】	Joy to the world	A9Ah8ml6TzU	7534
虹河ラキ	「もろびとこぞりて」歌ってみた【虹河ラキ】	もろびとこぞりて	qnFbT7FOmkw	8587
虹河ラキ	「青い栞」（Arranged by yuigot） ショートver「IMAGINATION vol.1」より【虹河ラキ】	青い栞	HxnaBlZUd38	16902
虹河ラキ	「惑星ループ」歌ってみた【虹河ラキ】	惑星ループ	0SU--Oo5imc	21957
AZKi	【和なAZKi】泡沫夢幻 歌ってみた AZKi【朝ノ瑠璃】	泡沫夢幻	mSVb61pOQKA	5335
AZKi	【あいみょん】マリーゴールド 歌ってみた AZKi&星乃めあ【コラボ】	マリーゴールド	4UEQFnENMUw	16792
AZKi	【ピコンピコン】ハートサーモグラフィー 歌ってみた AZKi【周防パトラ】	ハートサーモグラフィー	3NgN2CvLgT4	10017
AZKi	【マクロスF】ライオン 歌ってみた AZKi&千条アリア【コラボ】	ライオン	JJsSEUk8vxc	22435
AZKi	【花譜】糸 歌ってみた AZKi【絡まる意図が濡れて解けなくて】	糸	5Pmt9gVmvmM	15302
AZKi	【花譜】心臓と絡繰 歌ってみた AZKi【この気持ちは全部私のものだ】	心臓と絡繰	jKJ5a7gVkH8	19448
AZKi	【ヨルシカ】ただ君に晴れ 歌ってみた AZKi【君のポケットに夜が咲く】	ヨルシカ	_JoXN6LdcDY	19293
AZKi	【ずとまよ】秒針を噛む 歌ってみた AZKi【みんなに教えてもらった】	秒針を噛む	Gni3co__EPI	106684
AZKi	【コレサワ】たばこ 歌ってみた AZKi【JPOP初挑戦！】	たばこ	UnM2_ddXNYk	17850
AZKi	【私の進化の】二息歩行 歌ってみた AZKi【1ページ目】	二息歩行	aQ6Hir0wlVg	107126
AZKi	【とらドラ！】オレンジ 歌ってみた AZKi【オレンジ】	オレンジ	7o_YL35T93w	682411
AZKi	【セブンティーンな】セブンティーナ 歌ってみた AZKi【フォーチュネス】	セブンティーナ	qokrSyGZTiM	29280
AZKi	【歌ってみた】イヤイヤちゃんのうた【MIXもAZKi】	イヤイヤちゃんのうた	f8F8yNVDUEo	14862
AZKi	【ギルティクラウン】My Dearest 歌ってみた AZKi【supercell】	My Dearest	lxJ7SXMEPto	26005
AZKi	【アニソン】only my railgun 歌ってみた AZKi【初挑戦】	only my railgun	O4Oz8Gn6oDY	31283
AZKi	【Do you love】Sweet Devil 歌ってみた AZKi【sweet devil?】	Sweet Devil	VAvd842cCYM	564759
AZKi	【声を枯らして】Just Be Friends -piano.ver- 歌ってみた AZKi【叫んだ】	Just Be Friends	SdgFVX0FsgE	121426
AZKi	【1stオリジナルソング】Creating world【開拓するの私の世界】	Creating world	ZkvtKUQp3nM	434442
AZKi	【2ndオリジナルソング】リアルメランコリー【私と似てる気持ちの君へ】	リアルメランコリー	ad-6W3bazMs	107691
AZKi	【3rdオリジナルソング】フェリシア/AZKi【AZKi WHiTE】	フェリシア	JZTVchX8qJs	257135
AZKi	【4thオリジナルソング】I can't control myself/AZKi【AZKi BLaCK】	I can't control myself	tum7dljV2ts	393355
AZKi	【5thオリジナルソング】ひかりのまち/AZKi【AZKi BLaCK】	ひかりのまち	SKy71bCcOyg	15090
AZKi	【6thオリジナルソング】Starry Regrets/AZKi【AZKi WHiTE】	Starry Regrets	5QJfWQrdQEY	12268
皆守ひいろ	『みんなのひいろ』【皆守ひいろイメージソング】	みんなのひいろ	_O7emDO6dDs	2929
皆守ひいろ	【Cover】いのちの名前 / 皆守ひいろ 【生誕記念】	いのちの名前	OPByokAk_C4	12912
皆守ひいろ	【半年記念】心拍数#0822 -piano ver- / 皆守ひいろ 🌻	心拍数#0822	jcWRtTEIvlQ	19086
皆守ひいろ	【歌ってみた】ぶいちゅっばの歌 / 皆守ひいろ 🌻	ぶいちゅっばの歌	MUQTdeDke1M	17934
皆守ひいろ	【１万人記念】ピースサイン -piano ver- / 皆守ひいろ 🌻	ピースサイン	oXKnpHOg4Zw	75734
ヒメヒナ	【1周年記念】いーあるふぁんくらぶ【歌って踊ってみた！】	いーあるふぁんくらぶ	3h6qU080brA	465334
ヒメヒナ	HIMEHINA『 ヒトガタ』MV	ヒトガタ	J8PUUv4LFkQ	5588690
ヒメヒナ	HIMEHINA『ロキ(Cover)』MV	ロキ	mtb-qa8xvFU	2313763
ヒメヒナ	HIMEHINA『太陽系デスコ (Cover)』MV	太陽系デスコ	DdqEdO4EOuU	3001127
ヒメヒナ	HIMEHINA『劣等上等(Cover)』MV	劣等上等	il4cAeVzZwI	8339678
ヒメヒナ	HIMEHINA『ようこそジャパリパークへ(Cover) 』MV  feat.ばあちゃる48/ねこます	ようこそジャパリパークへ	He6NNULUom0	1501739
ヒメヒナ	【田中ヒメ耐久】ECHO　女児語で歌って踊ってみた	ECHO	H2wdu1ndmmI	892699
水瓶ミア	エメラルドシティ / emerald city - TOKOTOKO(西沢さんP)  feat.水瓶ミア【歌ってみた】	エメラルドシティ	w_i0vzngMIo	10643
水瓶ミア	【オリジナルMV】Booo! - TOKOTOKO（西沢さんP） feat.水瓶ミア【歌ってみた】	Booo!	A_FSgbyq2bE	9898
水瓶ミア	【歌って作ってみた】いーあるふぁんくらぶ　short ver.【水瓶ミア】	いーあるふぁんくらぶ	bM_RxY48DUk	3646
水瓶ミア	【女性が歌う】Flamingo（米津玄師）/ vo.水瓶ミア / SONY 完全ワイヤレスヘッドホン CMソング【VTuber】	Flamingo	sxDsj1-8xcI	15083
水瓶ミア	【女性が歌う】TEENAGE RIOT（米津玄師） / vo.水瓶ミア / 『GATSBY COP』CMソング【VTuber】	TEENAGE RIOT	8A1NXt4JyDg	5147
水瓶ミア	【歌ってみた】ハートトゥハート / heart to heart  - TOKOTOKO（西沢さんP） feat.水瓶ミア	ハートトゥハート	3OdNuJasK4s	3702
水瓶ミア	【歌ってみた】劣等上等 Giga / 水瓶ミア×獅子神レオナ【VTuber】	劣等上等	ZTQLWq8BYP8	38542
水瓶ミア	【水瓶ミア】ビースト・ダンス - 和田たけあき(くらげP) / Beast Dance - Kurage【歌ってみた】	ビースト・ダンス	qMYNR5MycYY	6578
水瓶ミア	【歌ってみた】エイリアンエイリアン   ナユタン星人 【水瓶ミア】	エイリアンエイリアン	-czXh7jbvNc	3182
水瓶ミア	【VTuber】雨とペトラ / バルーン(covered by 水瓶ミア)	雨とペトラ	v1QrP98m6lo	10186
水瓶ミア	【VTuber】シャルル / 水瓶ミア【歌ってみた】	シャルル	p2VLnMCfRL4	5300
水瓶ミア	【VTuber】カゲロウデイズ / 水瓶ミア【歌ってみた】	カゲロウデイズ	9uLRCpOwM5E	11046
水瓶ミア	【歌ってみた】DECO*27 - 妄想感傷代償連盟 feat. 水瓶ミア	妄想感傷代償連盟	bzLI7ovt2hY	27867
水瓶ミア	【歌ってみた】supercell - さよならメモリーズ feat. 水瓶ミア	さよならメモリーズ	eCT2zvj-isY	3036
水瓶ミア	【マクロスΔ】いけないボーダーライン / vo.獅子神レオナ & 水瓶ミア【歌ってみた】	いけないボーダーライン	_m6ylUQ9_nQ	117581
水瓶ミア	【オリジナル楽曲】Re:A projecT『Since-Re:ly ～シンシアリー～』【Re:AcT】	Since-Re:ly ～シンシアリー～	8xfeej2eC2U	16206
水瓶ミア	【水瓶ミア】Hello, Morning【歌ってみた】	Hello, Morning	c2IAhf1c-jU	1835
因幡はねる	ハロ／ハワユ (hello / How are you) を50,000人記念に歌ってみたよ【因幡はねる / あにまーれ】	ハロ／ハワユ	4Pj3Xur2kGU	33238
因幡はねる	おねがいダーリン 歌ってみたよ【因幡はねる / あにまーれ】	おねがいダーリン	vkv2Zympksg	36685
因幡はねる	【ねるらん】こちら、幸福安心委員会です。/うたたP 歌ってみたよ【因幡はねる＆日ノ隈らん / あにまーれ】	こちら、幸福安心委員会です。	j25TO8dJopI	13421
因幡はねる	角田信朗の「よっしゃあ漢唄」を歌ってみたよ【因幡はねる / あにまーれ】	よっしゃあ漢唄	zuvwNhqXG9w	23783
シスター・クレア	【CCさくら】Catch You Catch Me🌸歌ってみた【シスター・クレア】	you	LqxwWFjP4qg	49657
シスター・クレア	【歌】シスター・クレアイメージソング pray 【第三弾歌わせて頂きました】	pray	KcHmaqme-wU	10855
シスター・クレア	シスター・クレアイメージソング第二弾「花に祈りを、あなたに愛を」	花に祈りを、あなたに愛を	JWeasOQUtC4	18720
シスター・クレア	シスター・クレアイメージソング第一弾「しゅわしゅわナインティーン」	しゅわしゅわナインティーン	D3aaXlaK0qo	21307
シスター・クレア	おねがいダーリン シスター・クレア	おねがいダーリン	1QY4ex7oLd4	197394
夜霧メイ	乙女解剖 歌ってみた【VTuber】/ 夜霧メイcover	乙女解剖	PbUcqDeod2M	4106
夜霧メイ	【歌ってみた】StargazeR／夜霧メイ【VTuber】	StargazeR	_2QVU7fwqjQ	4348
夜霧メイ	【Eve】ラストダンス 歌ってみた【夜霧メイ】	ラストダンス	aZwJ1sF--AQ	5307
夜霧メイ	白い雪のプリンセスは 歌ってみた - 夜霧メイ【Vtuber】	白い雪のプリンセスは	0UQsJAEh2XY	6183
夜霧メイ	【歌ってみた】スイートマジック／夜霧メイ【Vtuber】	スイートマジック	0_65Dex9S3k	5678
夜霧メイ	【じーざすP】ぼうけんのしょがきえました！ / vo.夜霧メイ＆多々星シエル【歌ってみた】	ぼうけんのしょがきえました！	BZ3F4vgFugw	6191
夜霧メイ	しんでしまうとはなさけない！ / vo.多々星シエル＆夜霧メイ【歌ってみた】	しんでしまうとはなさけない！	Y9sefVNyjaU	11383
夜霧メイ	打上花火/DAOKO × 米津玄師(Covered by 花鋏キョウ & 夜霧メイ)	打上花火	fiY2Dug7U-s	70400
夜霧メイ	【歌ってみた】君の体温／夜霧メイ 【vtuber】	君の体温	KUgw1imR46E	9555
夜霧メイ	【米津玄師】砂の惑星 feat.初音ミク/ハチ -cover 夜霧メイ【vtuber】	砂の惑星	MxH60Se7Myc	10206
夜霧メイ	【歌ってみた】メランコリック/夜霧メイ【vtuber】	メランコリック	Eu-s8pNXaFg	14060
夜霧メイ	【Vtuber】ウミユリ海底譚 by 夜霧メイ【歌ってみた】	ウミユリ海底譚	wEIicDrerM8	7519
夜霧メイ	【VTuber】ドラマツルギー／夜霧メイ【歌ってみた】	ドラマツルギー	6dmC6jdGI30	26347
ヒヅキミウ	ロキ - みきとP(cover)／ヒヅキミウ【一人で歌ってみた】#012	ロキ	fjxJAkA567M	66775
ヒヅキミウ	米津玄師 Flamingo / Covered by ヒヅキミウ【歌ってみた】	Flamingo	yN0HVfp3_hI	44194
ヒヅキミウ	ハロ／ハワユ 歌ってみた 【公開収録曲】- ヒヅキミウ #30	ハロ／ハワユ	5ZbkZ6eq2MQ	12260
ヒヅキミウ	恋愛サーキュレーション歌ってみた【公開収録曲】/ヒヅキミウ	恋愛サーキュレーション	qhEo3Ig1Zp4	6724
ヒヅキミウ	だんだん早くなる【歌ってみた】covered by ヒヅキミウ	だんだん早くなる	ZvJ7x145L_0	10835
ヒヅキミウ	乙女解剖/DECO*27【歌ってみた】Cover ヒヅキミウ	乙女解剖	Y8DsY1u8cXQ	15479
ヒヅキミウ	ヒトガタ(HIMEHINA)【歌ってみたコラボ】TVアニメ「バーチャルさんはみている」ED曲 ヒメヒナカバー：ヒヅキミウ × 内海陽乃	ヒトガタ	RItYp6NMUXk	24235
ヒヅキミウ	愛言葉Ⅲ歌ってみた - DECO*27 / カバー:ヒヅキミウ	愛言葉Ⅲ	MOdh_-yFAhE	1612
綺羅星ウタ	【わがまま聞いて？】ワールドイズマイン ／綺羅星ウタ【今すぐによ♡】歌ってみた	ワールドイズマイン	hBOwQwaJ_fs	8821
綺羅星ウタ	【ヨルシカ】ヒッチコック/ver.綺羅星ウタ【歌ってみた】	ヨルシカ	l_1z20GYa88	5347
綺羅星ウタ	【歪んだ女が】スクランブル交際 ／綺羅星ウタ【愛を突いて歌ってみた】	スクランブル交際	hEKezwdthjc	27837
綺羅星ウタ	【やっと好きって言えたVtuberが】さよならメモリーズ／綺羅星ウタ【歌ってみた】	さよならメモリーズ	q3YqkY9Erc4	7319
綺羅星ウタ	【獅子神レオナ＆綺羅星ウタ】　再教育　【歌ってみた】	再教育	Qs4x4Ko4rAY	46259
綺羅星ウタ	【ねぇ〇〇してくれる？///】おねがいダーリン／綺羅星ウタ【歌ってみた】	おねがいダーリン	Irub5EtKgtA	7497
綺羅星ウタ	【メンヘラ女が】乙女解剖／綺羅星ウタ【原キーで歌ってみた】	乙女解剖	fnWO7cv8YuQ	135008
綺羅星ウタ	ヒバナ／DECO*27（Cover by 綺羅星ウタ）【歌ってみた】	ヒバナ	4PiKmy6nFJo	16860
綺羅星ウタ	ベノム / かいりきベア（Cover by 綺羅星ウタ）【歌ってみた】	ベノム	aOrvFU7OCRE	37573
綺羅星ウタ	ジグソーパズル/綺羅星ウタ【歌ってみた】	ジグソーパズル	i23gojoUB9g	11629
綺羅星ウタ	【女性が歌う】back number / クリスマスソング（Cover by 綺羅星ウタ）【vtuber】	クリスマスソング	ObE94rXhv18	5667
綺羅星ウタ	愛言葉Ⅲ - DECO*27(Cover) / 綺羅星ウタ【歌ってみた】	愛言葉Ⅲ	mhoCEhPIou8	10959
綺羅星ウタ	【女性が歌う】そっけない/RADWIMPS(Covered by 綺羅星ウタ)	そっけない	4Z_vNfSZ7iQ	7337
綺羅星ウタ	【艦これOP】海色(みいろ) 歌ってみた ver.綺羅星ウタ	海色	0na5fceNslU	21119
綺羅星ウタ	太陽系デスコ / ナユタン星人(cover) - 綺羅星ウタ【歌ってみた】	太陽系デスコ	ckbIK9sqs98	12588
綺羅星ウタ	【歌ってみた】夜明けと蛍 ／ヨルシカ【cover by 綺羅星ウタ(vtuber)】	ヨルシカ	5t8H3A8bsAQ	11613
綺羅星ウタ	Hello,Morning／綺羅星ウタver.【歌ってみた】	Hello, Morning	YaTAFzxuF40	7186
綺羅星ウタ	私、アイドル宣言 ／CHiCO with HoneyWorks【歌ってみた】ver.綺羅星ウタ	私、アイドル宣言	24bwcvdWRUU	8725
綺羅星ウタ	【Kagayaki Stars】セツナトリップ／綺羅星ウタ【歌ってみた】	セツナトリップ	QEXbMZ-k9Ck	17323
双理マイ	【天声に】ダダダダ天使/歌ってみたver.双理マイ【ナナヲアカリ】	ダダダダ天使	yww1XhzPZMY	53213
双理マイ	【天声に】ドナーソング/vo:双理マイ【歌ってみた】	ドナーソング	9VhExJPnQEM	5471
双理マイ	【天声に】ダダダダ天使/歌ってみたver..双理マイ【ナナヲアカリ】	ダダダダ天使	Fi1AZKsQ1IU	7426
双理マイ	【中毒性MAXで天声に】無頼ック自己ライザー/vo.双理マイ【歌ってみた】	無頼ック自己ライザー	ONfon5WvejE	16686
双理マイ	【天声に心を込めて】心做し（オリジナルPV）/vo.双理マイ【歌ってみた】	心做し	Ih9drJnAYfI	6464
双理マイ	【天声に】ミスター・ダーリン/HoneyWorks/Vo.双理マイ【歌ってみた】	ミスター・ダーリン	dzjBGDrMfWM	4056
双理マイ	【天声に】愛言葉Ⅲ / vo.双理マイ【愛を込めて歌ってみた】	愛言葉Ⅲ	N1vE_zgnwjc	10043
双理マイ	夢ファンファーレ ／ 花鋏キョウ×双理マイ【歌ってみた】	夢ファンファーレ	AAbLoF-zc_8	65951
双理マイ	【OBK‘S】好き！雪！本気マジック【歌ってみた】	好き！雪！本気マジック	d2HPMxnK2x4	40018
双理マイ	【米津玄師】TEENAGERIOT / vo.双理マイ【天声に歌ってみた】	TEENAGE RIOT	rztdjDiHvWg	5046
双理マイ	小さなライオン ／ 双理マイ×花鋏キョウ【歌ってみた】	小さなライオン	kX1Yyv6LWps	18368
双理マイ	【OBK‘S】神のまにまに【歌ってみた】	神のまにまに	Inbifi8dDMw	125784
双理マイ	【天声に】君の知らない物語supercell Cover 【LIVEで歌ってみた】	君の知らない物語	RtBEpiqpO-c	12105
双理マイ	【甘くとろける】チョコレイト・ディスコ/Perfume【歌ってみた】	チョコレイト・ディスコ	37HiMdhEsjk	7426
双理マイ	【劇場版SAO】Catch The moment/LiSA-双理マイVer.【歌ってみた】	Catch the Moment	HOtzFRYyDAg	9602
双理マイ	【天声に】奏−スキマスイッチ−Cover.双理マイ~一週間フレンズ主題歌~【歌ってみた】	奏	jXtbXGN137k	9186
双理マイ	ロキ 歌ってみた【多々星シエル×双理マイ】	ロキ	eAtVu6qtC5s	12133
双理マイ	【天声に】おじゃま虫 / vo.双理マイ【歌ってみた】	おじゃま虫	bbcecREAby4	6715
双理マイ	【天声に】ベノム/vo.双理マイ【歌ってみた】	ベノム	Z-jM0NUgb7E	7643
多々星シエル	【女性が歌う】LOSER / 米津玄師( Covered by 多々星シエル)	LOSER	syQ02Wh9mPE	6062
多々星シエル	【オリジナル楽曲】Re:A projecT『Since-Re:ly ～シンシアリー～』【Re:AcT】	Since-Re:ly ～シンシアリー～	8xfeej2eC2U	16206
多々星シエル	虎視眈々 / 多々星シエル【歌ってみた】	虎視眈々	8c4EzdSNyWo	8404
多々星シエル	ロキ 歌ってみた【多々星シエル×双理マイ】	ロキ	eAtVu6qtC5s	12133
多々星シエル	【OBK'S】桜ノ雨【歌ってみた】	桜ノ雨	GdRNa72_3hU	52181
多々星シエル	ドラマツルギー by 多々星シエル【歌ってみた】	ドラマツルギー	OiMv0kRLmQU	16511
多々星シエル	tete-a-tete / 多々星シエル【歌ってみた】	tete-a-tete	iiEJpByh32I	5549
多々星シエル	【OBK‘S】神のまにまに【歌ってみた】	神のまにまに	Inbifi8dDMw	125784
多々星シエル	【じーざすP】ぼうけんのしょがきえました！ / vo.夜霧メイ＆多々星シエル【歌ってみた】	ぼうけんのしょがきえました！	BZ3F4vgFugw	6191
多々星シエル	しんでしまうとはなさけない！ / vo.多々星シエル＆夜霧メイ【歌ってみた】	しんでしまうとはなさけない！	Y9sefVNyjaU	11383
多々星シエル	【OBK‘S】好き！雪！本気マジック【歌ってみた】	好き！雪！本気マジック	d2HPMxnK2x4	40018
多々星シエル	【二人で歌う】Lemon / 多々星シエル×ゆにゆにこ【歌ってみた】	Lemon	5pXwLz07tXI	10590
多々星シエル	LiSA 『ADAMAS』Cover by 多々星シエル（TVアニメ「ソードアート・オンライン アリシゼーション」OPテーマ）	ADAMAS	OYwNrAyzLeI	9636
多々星シエル	【初コラボ】一度だけの恋なら - ゆにゆにこ × 多々星シエル《MV Vtuber》	一度だけの恋なら	8l4pVGkapqQ	13451
多々星シエル	【逢いにきて】気まぐれメルシィ / vo.多々星シエル【歌ってみた】	気まぐれメルシィ	qIUyIOvS8HE	11986
多々星シエル	心做し / 多々星シエル【歌ってみた】	心做し	3lJ8-SuZilE	7317
多々星シエル	【女性が歌う】TEENAGE RIOT（米津玄師）/ vo.多々星シエル / 『GATSBY COP』CMソング【VTuber】	TEENAGE RIOT	xXruNs5kzaA	15530
多々星シエル	【女性が歌う】Flamingo（米津玄師）/vo.多々星シエル/SONY 完全ワイヤレスヘッドホン CMソング【VTuber】	Flamingo	3PC1PnH8JZk	56418
多々星シエル	【カガスタ第2弾ハロウィンソング】『ホーンテッド・パーティナイト』Full Ver.	ホーンテッド・パーティナイト	GPohIBa2sGc	28366
多々星シエル	Sweet Devil ／多々星シエル【歌ってみた】	Sweet Devil	p2UMfG8w8L0	7422
多々星シエル	恋愛裁判 ／多々星シエル【歌ってみた】	恋愛裁判	JO72VNKaV5E	8324
多々星シエル	右肩の蝶/多々星シエル 【歌ってみた】	右肩の蝶	ASDKbi_C0TU	12715
丑牡てぃあ	少女レイ／みきとP(cover) ver.丑牡てぃあ【歌ってみた】	少女レイ	tZvQdE9aE-8	14503
丑牡てぃあ	世田谷ナイトサファリ／みきとP(cover) ver. 丑牡てぃあ 【歌ってみた】	世田谷ナイトサファリ	rzbNDwiKcWY	4224
丑牡てぃあ	ロキ 歌ってみた【丑牡てぃあ】	ロキ	5OV_rEcDy5Q	18351
丑牡てぃあ	「クノイチでも恋がしたい」を歌ってみた【かなてぃあ】	クノイチでも恋がしたい	2m5U6YC9wtM	4130
丑牡てぃあ	【歌ってみた】夢ファンファーレ - 丑牡てぃあ × 獅子神レオナ	夢ファンファーレ	6tJo5NWpdMQ	9193
丑牡てぃあ	『劣等上等』を歌ってみた【かなてぃあ】	劣等上等	WoGmTXKmXGc	7749
千条アリア	【MYTH & ROID】Paradisus-Paradoxum／夜乃ノア【COVER】	Paradisus-Paradoxum	nOWwZnjI6lA	17545
千条アリア	【MMD】好き！雪！本気マジック／千条アリア【歌って踊ってみた】	好き！雪！本気マジック	PpXA6T35Nf8	40003
千条アリア	【MMD】おねがいダーリン/千条アリア【歌って踊ってみた】	おねがいダーリン	KEezJNtTx1Y	21022
千条アリア	【花奏かのん×千条アリア】丸の内サディスティック 歌ってみた【誕生日おめでとう】	丸の内サディスティック	I0gfcx2GfqY	4262
千条アリア	【千条アリア】少女レイ  みきとＰ【cover】	少女レイ	cbxh9vdwgvI	11184
千条アリア	【千条アリア】DECO*27 - 愛言葉Ⅲ 【cover】	愛言葉Ⅲ	DkSfzGntEmY	13272
千条アリア	パズルガール 歌ってみた【千条アリア】	パズルガール	bMM87E6APOU	15065
千条アリア	おねがいダーリン 歌ってみた【千条アリア】	おねがいダーリン	j7-YXDpD1QE	9946
千条アリア	【即興】風になる を歌ってみた。【千条アリア】	風になる	pB7D3WiPdWA	5411
ちくわ	【東京喰種】unravel (acoustic version) - 凛として時雨 / (Covered by ちくわ) 歌ってみた	unravel	v8AzTtJwBzo	18491
ちくわ	【10周年】ロミオとシンデレラ - 初音ミク / (Covered by ちくわ) 歌ってみた	ロミオとシンデレラ	W2UPF1kf6fo	17108
ちくわ	灰色と青 - 米津玄師+菅田将暉 / (Covered by ちくわ&竹花ノート) 歌ってみた	灰色と青	kp6iiW_wMrY	57239
ちくわ	廃都アトリエスタにて / (Covered by ちくわ) 歌ってみた	廃都アトリエスタにて	PwQVUMuEPsY	10654
ちくわ	Flamingo - 米津玄師 / (Covered by ちくわ) 歌ってみた	Flamingo	KugjsnbjJEE	278493
ちくわ	【一人二役で】ロキ / ちくわ【歌ってみた】	ロキ	_xsACc507t4	29489
ちくわ	からくりピエロ  / ちくわ【歌ってみた】	からくりピエロ	fYR5GhCD-WY	19794
ちくわ	ゴリラ×ちくわオンステージ「Mrs Pumpkinの滑稽な夢/ハチ」	Mrs.Pumpkinの滑稽な夢	Rx0YE8pKKtQ	58886
ちくわ	君の知らない物語 / ちくわ【歌ってみた】	君の知らない物語	NDKSDxhQxtc	28626
ちくわ	シャルル / ちくわ【歌ってみた】	シャルル	XNS90rp_9kY	128334
ちくわ	ゴリラ×ちくわオンステージ「打上花火/DAOKO×米津玄師」	打上花火	SYjZMjAhgmo	217681
ちくわ	【SAO】Crossing Field / ちくわ【歌ってみた】	crossing field	5jEEc-738iE	27518
ちくわ	【カードキャプターさくらOP】プラチナ / ちくわ【歌ってみた】	プラチナ	IpO7S8o2NQ8	13814
ちくわ	【セーラームーン】ムーンライト伝説 / ちくわ【歌ってみた】	ムーンライト伝説	X3SyK4TpIx8	7983
ちくわ	すーぱーぬこわーるど / ちくわ【歌ってみた】	すーぱーぬこわーるど	OiXNiC-3MgE	15892
ちくわ	エイリアンエイリアン / ちくわ 【歌ってみた】	エイリアンエイリアン	M86C3Mo4Ro8	46589
星乃めあ	ラプンツェル - ヨルシカ (ナブナ) / 星乃めあ【歌ってみた】	ラプンツェル	CV53z39hyzg	4755
星乃めあ	【歌ってみた】ブリキノダンス / 日向電工【星乃めあcover】	ブリキノダンス	dr9z9m_-lrI	15126
星乃めあ	君はロックを聴かない - あいみょん(弾き語りCover) / 星乃めあ【歌ってみた】	君はロックを聴かない	NMzPwJHEZnI	12342
星乃めあ	ドラマツルギー - Eve (Cover) / 星乃めあ【歌ってみた】	ドラマツルギー	l4_4Z6ytDvY	22567
星乃めあ	Wherever you are - ONE OK ROCK (Cover) / 星乃めあ【歌ってみた】	Wherever you are	pnDQLLdz308	19737
星乃めあ	I can't control myself/AZKi(Cover) / 星乃めあ【歌ってみた】	I can't control myself	2Xtbjzgkep0	8418
星乃めあ	【歌ってみた】 ペトリコール - MonsterZ MATE / 星乃めあ ( 弾き語りCover )	ペトリコール	qpuszQCgfuE	6534
星乃めあ	ヒバナ - DECO*27(Cover) / 星乃めあ【歌ってみた】	ヒバナ	FdM33LZlM8k	24165
星乃めあ	泡沫夢幻 - 朝ノ瑠璃(Cover) / 星乃めあ【歌ってみた】	泡沫夢幻	l7-NQL4fI5E	9317
星乃めあ	スクランブル交際 - DECO*27 (Cover) / 星乃めあ 【歌ってみた】	スクランブル交際	FPVRFhXcu0U	24033
星乃めあ	ブレンドキャラバン - ときのそら(弾き語りCover) / 星乃めあ【歌ってみた】デビューアルバム 『Dreaming!』リリースおめでとうございます！（Short ver.）	ブレンドキャラバン	1B9NbTmIpLo	4442
星乃めあ	【コラボ】夜咄ディセイブ - じん / 音羽ララ × 星乃めあ (Cover)【歌ってみた】	夜咄ディセイブ	Q3ThnDOa_kQ	13728
星乃めあ	Say チーズおかき - キズナアイ(Cover) / 星乃めあ【歌ってみた】	Say チーズおかき	FyGdXbXti74	5411
星乃めあ	桜ノ雨 - 初音ミク (Cover) / 星乃めあ【歌ってみた】	桜ノ雨	VWB1saZriLA	7166
星乃めあ	【替え歌】 チカっとチカ千花っ♡ (めあっとめあめあっ♡) / 星乃めあ【歌ってみた】TVアニメ『かぐや様は告らせたい～天才たちの恋愛頭脳戦～』ED	チカっとチカ千花っ♡	A3UyLe4pB28	5216
星乃めあ	チカっとチカ千花っ♡ - 藤原千花 (Cover) / 星乃めあ【歌ってみた】TVアニメ『かぐや様は告らせたい～天才たちの恋愛頭脳戦～』ED	チカっとチカ千花っ♡	jaN7Dq_dz9w	7590
星乃めあ	ヒトガタ - HIMEHINA (Cover) / 春原つくし × 星乃めあ【歌ってみたコラボ】TVアニメ「バーチャルさんはみている」ED曲 ヒメヒナ	ヒトガタ	DBqzISyJ1YA	43265
星乃めあ	ゴーストルール feat. 初音ミク - DECO*27 (Cover) / 星乃めあ【歌ってみた】	ゴーストルール	2LN89yS2fek	20773
星乃めあ	カワキヲアメク - 美波(弾き語りCover) / 星乃めあ【歌ってみた】（TVアニメ「ドメスティックな彼女」オープニングテーマ）	カワキヲアメク	yjScEL0MBIE	26848
星乃めあ	ピースサイン - 米津玄師(Cover) / 星乃めあ【歌ってみた】TVｱﾆﾒ「僕のヒーローアカデミア」OPテーマ Kenshi Yonezu / Peace Sign	ピースサイン	n4R8Re2ObTA	12222
星乃めあ	星間飛行 - ランカ・リー(cover) / 星乃めあ【歌ってみた】TVアニメ『マクロスF』オープニングテーマ	星間飛行	iqPdlMS5QGY	11599
星乃めあ	ルーティン - かしこまり(アコースティックCover) / 星乃めあ【歌ってみた】	ルーティン	qzXm-qz7xJ4	12001
星乃めあ	ジェットロケット - LiSA(弾き語りCover) / 星乃めあ【歌ってみた】	ジェットロケット	72JaxPvT2Cs	8368
星乃めあ	透明声彩 - YuNi(弾き語りCover) / 星乃めあ【歌ってみた】	透明声彩	lVB_FrPxkS4	15866
星乃めあ	乙女解剖 - DECO*27(Cover) / 星乃めあ【歌ってみた】	乙女解剖	bYKLPlyIWdk	22670
星乃めあ	夜行性ハイズ - DECO*27(Cover) / 星乃めあ【歌ってみた】	夜行性ハイズ	8ZRA5DcUSKU	70840
星乃めあ	眩しいDNAだけ - ずっと真夜中でいいのに。(弾き語りCover) / 星乃めあ【歌ってみた】	眩しいDNAだけ	maE8K0GyHWY	32251
星乃めあ	太陽系デスコ - ナユタン星人(Cover) / 星乃めあ【歌ってみた】	太陽系デスコ	Braty2YdYHQ	14851
星乃めあ	天使にふれたよ - 放課後ティータイム(Cover) / 星乃めあ【歌ってみた】TVアニメ『けいおん!!』挿入歌	天使にふれたよ	cMGqk5wbdPQ	6830
星乃めあ	エイリアンエイリアン - ナユタン星人(Cover) / 星乃めあ【歌ってみた】	エイリアンエイリアン	AF1MkAWkWQI	12232
星乃めあ	恋のマシュマロ - たすくこま(Cover) / 星乃めあ【歌ってみた】	恋のマシュマロ	UVI9-GCNgLA	7498
星乃めあ	雪の華 - 中島美香(Cover) / 星乃めあ【歌ってみた】映画『雪の華』2019年2月1日（金）公開	雪の華	umbh3EYFguY	13909
星乃めあ	生きていたんだよな - あいみょん(弾き語りCover) / 星乃めあ【歌ってみた】ドラマ「吉祥寺だけが住みたい街ですか？」オープニングテーマ	生きていたんだよな	VhLBHYNMkjQ	11118
星乃めあ	恋愛サーキュレーション - 千石撫子(花澤香菜) / 星乃めあ【歌ってみた】TVアニメ「化物語」OPテーマソング	恋愛サーキュレーション	ARg70WccJYI	6591
星乃めあ	オーケストラ - BiSH(cover) / 星乃めあ【歌ってみた】	オーケストラ	7XxOQY5p68U	8203
星乃めあ	完全感覚ドリーマー - ONE OK ROCK(cover) / 星乃めあ【歌ってみた】※TBS系テレビ「あらびき団」 ２・３月度エンディングテーマ	完全感覚Dreamer	TspYPWB_Tlw	25843
星乃めあ	Catch the Moment - LiSA(cover) / 星乃めあ【歌ってみた】「劇場版 ソードアート・オンライン -オーディナル・スケール-」主題歌	Catch the Moment	JyAW0uBpnyE	20069
星乃めあ	【歌ってみたコラボ】水樹奈々×T.M.Revolution『革命デュアリズム』- 星乃めあ × たすくこま【オリジナルMV】TVアニメ「革命機ヴァルヴレイヴ」2nd SEASON オープニングテーマ	革命デュアリズム	N7K8vAyhtYg	28918
星乃めあ	シャルル - バルーン(cover) / 星乃めあ【歌ってみた】	シャルル	XpKVXi4YatA	25889
星乃めあ	【歌ってみた】ときのそら × アゴアニキ「海より深い空の下」- 星乃めあ【オリジナルMV】	海より深い空の下	EM1dnCcA7Yw	11292
星乃めあ	【歌ってみた】ときのそら × はるまきごはん「そんな雨の日には」- 星乃めあ【オリジナルMV】	そんな雨の日には	7CpvLw6WnfM	3592
星乃めあ	アスノヨゾラ哨戒班 - Orangestar(cover) / 星乃めあ【歌ってみた】	アスノヨゾラ哨戒班	1bpz72f1Wvg	12479
星乃めあ	ハッピーエンド - back number(cover) / 星乃めあ【歌ってみた】映画「ぼくは明日、昨日のきみとデートする」主題歌	ハッピーエンド	h9dBTEt_grU	7855
星乃めあ	【歌ってみた】たすくこま「もしもこれが恋だと知っても」- 星乃めあ【cover】	もしもこれが恋だと知っても	X1s5elUyZiM	12038
星乃めあ	【歌ってみた】レイメイ - さユり×MY FIRST STORY　うた：星乃めあ×たすくこま【TVアニメ『ゴールデンカムイ』第2期のオープニングテーマ】	レイメイ	3MXSUzo-szg	94100
星乃めあ	オールドファッション - back number(cover) / 星乃めあ【歌ってみた】TBS系 金曜ドラマ「大恋愛～僕を忘れる君と」主題歌	オールドファッション	6s7yNeQZz9Q	6267
星乃めあ	粉雪 - レミオロメン(cover) / 星乃めあ【歌ってみた】	粉雪	2trUEIZT-HQ	24092
星乃めあ	【歌ってみた】ときのそら × シグナルP「Wandering Days」- 星乃めあ【オリジナル・ボカロPコラボ第2弾】	Wandering Days	vozjCNxLQOQ	3318
星乃めあ	クリスマスソング - back number(cover) / 星乃めあ【歌ってみた】『5→9～私に恋したお坊さん～ 』主題歌	クリスマスソング	gSkVAujpA5E	7315
星乃めあ	【歌ってみた】DAOKO × 米津玄師『打上花火』- 星乃めあ × たすくこま【コラボ】 映画「打ち上げ花火、下から見るか？横から見るか？」主題歌	打上花火	fUDIV1Mrlvw	53149
星乃めあ	【女性が歌う】米津玄師 「Lemon」- 星乃めあ【オリジナルMV】紅白出演おめでとうございます！TBS金曜ドラマ「アンナチュラル」主題歌	Lemon	4HZIKzKo-zY	26112
星乃めあ	愛言葉Ⅲ - DECO*27(cover) / 星乃めあ【歌ってみた】	愛言葉Ⅲ	IjVWaqEueqU	8314
星乃めあ	【女性が歌う】米津玄師 「Flamingo」(Covered by 星乃めあ)紅白出演おめでとうございます！/ソニー 完全ワイヤレスヘッドホン CMソング	Flamingo	DEmNpwvsdnE	32289
星乃めあ	【歌ってみた】米津玄師 「TEENAGE RIOT」- 星乃めあ【オリジナルMV】紅白出演おめでとうございます！『GATSBY COP』CMソング	TEENAGE RIOT	65t-hpvhLLI	21910
星乃めあ	【歌ってみた】未練レコード / 星乃めあ【ときのそら × 40mP】	未練レコード	S8TT0PEQ2v4	6984
星乃めあ	モザイクロール - DECO*27(cover) / 星乃めあ【歌ってみた】	モザイクロール	tCtZN7lRI0Y	9908
星乃めあ	砂の惑星 - ハチ(米津玄師) / 星乃めあ【歌ってみた】初音ミク「マジカルミライ2017」テーマソング	砂の惑星	aU6FDM_vsO4	15078
星乃めあ	God knows... - 涼宮ハルヒ(cover) / 星乃めあ【歌ってみた】TVアニメ「涼宮ハルヒの憂鬱」挿入歌	God knows...	UxndtiYKJyg	10400
星乃めあ	Lost my music - 涼宮ハルヒ(cover) / 星乃めあ【歌ってみた】TVアニメ「涼宮ハルヒの憂鬱」挿入歌	Lost my music	XO016FUEOYM	4822
星乃めあ	ムーンライト伝説 / 美少女戦士セーラームーン - cover by 星乃めあ	ムーンライト伝説	I1VfyIQsQEI	3695
かぐらなな	♡メランコリック EUROBEAT.ver♡/カグラナナ	メランコリック	bv3jPFYpruc	47702
かぐらなな	トリノコシティ(coverd by カグラナナ)	トリノコシティ	nYxuxiEWK38	49073
かぐらなな	【カグラナナ】おちゃめ機能【辛略ver】	おちゃめ機能	troa_bkxiCg	9699
朝ノ姉妹	Snow halationをサビだけ歌ってみた【朝ノ光】	Snow halation	UR72t0xX5hw	8506
朝ノ姉妹	『you』アカペラで歌ってみた【朝ノ瑠璃】	you	rwNis9LzU4U	11109
朝ノ姉妹	【ボカロ】千本桜 feat 初音ミク by 朝ノ瑠璃	千本桜	I1OBfmDMuUw	30708
朝ノ姉妹	『ダイアモンドクレバス』アカペラで歌ってみた【朝ノ瑠璃】	ダイアモンドクレバス	XJw0aA81phI	7086
朝ノ姉妹	【歌ってみた】ハイカラ浪漫 by 朝ノ瑠璃	ハイカラ浪漫	WMdJNRqHqY4	70442
朝ノ姉妹	【朝ノ瑠璃】拍手喝采歌合 歌ってみた	拍手喝采歌合	0bpHJTb3dbA	120007
朝ノ姉妹	【朝ノ瑠璃】magnet 歌ってみた【琴みゆり】	magnet	pmXOjEe61pM	16159
朝ノ姉妹	【コラボ】からくりピエロ 歌ってみた - 琴みゆり × 朝ノ瑠璃	からくりピエロ	VUNd8LYacNU	7963
KMNZ LITA	丸の内サディスティック - 椎名林檎(Cover) / #KMNZ LITA	丸の内サディスティック	VhyOgpL-NTg	106319
KMNZ LITA	心做し - 蝶々P(Cover) / KMNZ LITA	心做し	qjpMiegDnPw	55456
KMNZ LITA	琥珀色の街、上海蟹の朝 - くるり(Cover) / KMNZ LITA	琥珀色の街、上海蟹の朝	VrxmX_gVmnI	133356
KMNZ LITA	歌舞伎町の女王 - 椎名林檎(Cover) / KMNZ LITA	歌舞伎町の女王	fTFW0ziumfM	194630
KMNZ LITA	コレサワ - たばこ(Cover) / KMNZ LITA	たばこ	Co1Nx3YC8fM	109037
KMNZ LITA	能動的三分間 - 東京事変(Cover) / KMNZ LITA	能動的三分間	dFI4axmXFGo	149913
KMNZ LITA	色彩のブルース - EGO-WRAPPIN' (Cover) KMNZ LITA	色彩のブルース	AoBQYdzVLug	53214
KMNZ LIZ	ただ君に晴れ - ヨルシカ Cover / KMNZ LIZ リズ	ヨルシカ	9EINRLL6Lug	65411
KMNZ LIZ	chocolate box - dezzy(一億円P) Cover / KMNZ LIZ リズ	chocolate box	mMsQXpfP4Ro	27766
KMNZ LIZ	Nectar - まふまふ feat. nqrse(Cover) / KMNZ LIZ リズ	Nectar	NFp3KSTYirM	103440
KMNZ LIZ	シャルル - バルーン(Cover)/ KMNZ LIZ	シャルル	dIsAIyTm0Gs	68854
KMNZ LIZ	ふわふわ時間 - けいおん!(Cover) / KMNZ LIZ	ふわふわ時間	aIisOUoZIhc	151579
KMNZ LIZ	Happy Halloween - Junky(Cover) / KMNZ ケモノズ	Happy Halloween	NXwcJa73BoU	59389
KMNZ LIZ	さようなら、花泥棒さん - メル(Cover) / KMNZ LIZ リズ	さようなら、花泥棒さん	RLpRiyblt-s	87537
KMNZ LIZ	愛言葉Ⅲ - DECO*27(Cover) / KMNZ LIZ	愛言葉Ⅲ	nQQ6BUvsdFQ	63947
KMNZ LIZ	もってけ！セーラーふく - らき☆すた(Cover)  / KMNZ	もってけ！セーラーふく	CEO2EOPJ25A	85942
KMNZ LIZ	メランコリック - Junky feat.鏡音リン(Cover)  / KMNZ LIZ リズ	メランコリック	VEsIJeJ9pl0	74553
KMNZ LIZ	そばかす - JUDY AND MARY(Cover)  / KMNZ LIZ リズ	そばかす	QIBY5NPmNDs	159808
KMNZ LIZ	太陽系デスコ - ナユタン星人(Cover) / KMNZ LIZ リズ	太陽系デスコ	ggO4A8viiPI	167388
KMNZ LIZ	LUVORATORRRRRY! - ギガP(Cover) / KMNZ ケモノズ	LUVORATORRRRRY!	puq0ZayTaAs	163581
KMNZ LIZ	少女レイ - みきとP (Cover) / KMNZ LIZ	少女レイ	3PqeQQxTGhI	115016
KMNZ LIZ	金星のダンス - ナユタン星人(Cover) / KMNZ LIZ	金星のダンス	PPkbBhQ6Cq4	215239
KMNZ LIZ	ロキ - みきとP(Cover) / KMNZ LIZ	ロキ	EIbvKSUeta0	284160
KMNZ LIZ	翡翠のまち - メル(Cover) / KMNZ LIZ	翡翠のまち	s-Dzjq9SdwU	101181
鈴鹿詩子	【BGクラブ】脳漿炸裂ガール 歌ってみた - 森中花咲×鈴鹿詩子×モイラ【オリジナルMV】cover	脳漿炸裂ガール	-BZXZvOnRK0	189088
鈴鹿詩子	【自作MV】シャルル 歌ってみた。【鈴鹿詩子】Charles Cover	シャルル	WGXkz1VGXVM	279420
鈴鹿詩子	U.S.A./DA PUMP　限界腐女子な歌のお姉さんVTuberが歌ってみた（鈴鹿詩子）Cover By Utako suzuka	U.S.A.	i003sNLSvU4	152978
鈴鹿詩子	【恋愛サーキュレーション】歌ってみた。 Renai Circulation - Bakemonogatari Cover By Utako suzuka	恋愛サーキュレーション	FXwlyNlC-20	52471
鈴鹿詩子	「ダンスロボットダンス」歌ってみた【鈴鹿詩子】Dance Robot Dance [Nayutan Seijin] Cover By Utako suzuka	ダンスロボットダンス	L4Tz3tER5MA	95349
鈴鹿詩子	『おねがいダーリン』アカペラで歌わせて頂きました。onegai darling! A cappella Cover by Utako Suzuka	おねがいダーリン	9McF4pK8QDg	71295
鈴鹿詩子	【君の名は。】 なんでもないや / RADWIMPS (cover)鈴鹿詩子【聖地でのオリジナルPV】Nandemonaiya "Your Name"/Utako Suzuka	なんでもないや	z8-DH73uCxA	56619
鈴鹿詩子	乙女解剖歌ってみた【オリジナルMV】/鈴鹿詩子cover(Utako Suzuka)	乙女解剖	61k1YBAKQ7E	252978
蒼月エリ	【Cover】なんでもないや／RADWIMPS【蒼月エリ / ハニスト】	なんでもないや	5gO-nlvSCUE	235337
蒼月エリ	【弾き語りしてみた】花瓶の花／石崎ひゅーい【蒼月エリ / ハニスト】	花瓶の花	nDnZYl5DEmM	41218
蒼月エリ	【歌ってみた】ぶいちゅっばの歌【蒼月エリ / ハニスト】	ぶいちゅっばの歌	CHfPfd2fQZk	61732
蒼月エリ	【女性が歌う】米津玄師 「Flamingo」／Covered by 蒼月エリ【歌ってみた】	Flamingo	rEdGV2p5nzc	112644
蒼月エリ	【歌ってみた】地球をあげる【蒼月エリ / ハニスト】	地球をあげる	htno4nfnwKg	33172
ゆにゆにこ	【マクロスΔ】いけないボーダーライン/ ワルキューレ - ゆにゆにこ × 天輝おこめ《Vtuber, MV》	いけないボーダーライン	rdoNy3ynQ7E	3456
ゆにゆにこ	【ゆにきぬ初コラボ】ロキ - ゆにゆにこ × 紙木絹《Vtuber, MV》	ロキ	OhWJo6kCukU	5893
ゆにゆにこ	【Sword Art Online Alicization OP】ADAMAS / LiSA - ゆにゆにこ《Vtuber, MV》	ADAMAS	CE3O9w88BL4	4290
ゆにゆにこ	【米津玄師】砂の惑星 / ハチ - ゆにゆにこ《Vtuber, MV》	砂の惑星	mm424gCdVNM	6170
ゆにゆにこ	【二人で歌う】Lemon / 多々星シエル×ゆにゆにこ【歌ってみた】	Lemon	5pXwLz07tXI	10590
ゆにゆにこ	【初コラボ】一度だけの恋なら - ゆにゆにこ × 多々星シエル《MV Vtuber》	一度だけの恋なら	8l4pVGkapqQ	13451
ゆにゆにこ	【踊れるんだぞ？】太陽系デスコ / ナユタン星人 - ゆにゆにこ《MV, Vtuber》	太陽系デスコ	sFdLZaBh0kQ	4644
ゆにゆにこ	【歌ってみた】『愛言葉Ⅲ』/ DECO*27 - ゆにゆにこ《MV Vtuber》	愛言葉Ⅲ	gaZRrmObN5E	3681
ゆにゆにこ	【女性が歌う】『TEENAGE RIOT』/ 米津玄師 - ゆにゆにこ《MV Vtuber》	TEENAGE RIOT	9A80XFgSP0Q	4808
ゆにゆにこ	【女性が歌う】『Flamingo』/ 米津玄師 Covered by ゆにゆにこ / 歌ってみた【MV Vtuber Sony CMソング】	Flamingo	RVKn_efveuk	15132
ゆにゆにこ	StarRingChild／Aimer cover by ゆにゆにこ《機動戦士ガンダムUC GUNDAM UNICORN》	StarRingChild	IPtyRBP9AII	18627
琴みゆり	ASCA 『RESISTER』(ソードアート・オンライン アリシゼーション OPテーマ)【歌ってみた】	RESISTER	VrtHiCIqeys	41035
琴みゆり	【歌ってみた】DECO*27 - 夜行性ハイズ（cover）琴みゆり【vtuber】	夜行性ハイズ	lD_X-5bffsI	11240
琴みゆり	【女性が歌う】ドラマツルギー/Eve (+1キー)by 琴みゆり【歌ってみた】	ドラマツルギー	GzLcZrj8ZHg	7140
琴みゆり	LiSA 『ADAMAS』- (Full) ソードアート・オンライン アリシゼーション OP 【covered by 琴みゆり】	ADAMAS	ntaOucZv4z8	42855
琴みゆり	【コラボ】からくりピエロ 歌ってみた - 琴みゆり × 朝ノ瑠璃	からくりピエロ	VUNd8LYacNU	7963
琴みゆり	シャルル／琴みゆり【歌ってみた】	シャルル	IRJ0LTQLj70	15454
琴みゆり	『青空のラプソディ』／fhána（covered by 琴みゆり）【小林さんちのメイドラゴン OP】【歌ってみた】	青空のラプソディ	0LzZX_gccLA	12326
琴みゆり	『少女レイ』／みきとP（covered by 琴みゆり）【歌ってみた】	少女レイ	cEZ23zApOfc	10739
琴みゆり	『Good-bye days』／YUI（covered by 琴みゆり）【歌ってみた】	Good-bye days	PO_CaYwDxXk	7239
琴みゆり	『ハッピーシンセサイザ』／covered by 琴みゆり＆射貫まとい【歌ってみた】	ハッピーシンセサイザ	QJAte_EbFdc	5588
琴みゆり	『oath sign』／LiSA（covered by 琴みゆり）【Fate/Zero OP】【歌ってみた】	oath sign	3c0hB3D3LoA	9241
琴みゆり	空色デイズ  / 中川翔子 （covered by 琴みゆり）【天元突破グレンラガン】	空色デイズ	-w1eurnd_K8	7432
琴みゆり	『恋』／琴みゆり【歌ってみた】	恋	9H-hp_9uoXI	4205
琴みゆり	Hello, Morning／琴みゆりver【歌ってみた】	Hello, Morning	fwl7DxDck5E	2802
神楽めあ	♡01♡『ビースト・ダンス』歌ってみたっ。【神楽めあ】	ビースト・ダンス	UonWUmb8oV0	123505
神楽めあ	♡02♡『愛言葉Ⅲ』歌ってみたっ。【神楽めあ】	愛言葉Ⅲ	Wc_P4NLtcBM	62515
神楽めあ	【神楽めあ】　♦　ヒトリゴト　歌ってみた　♦　【千草はな】	ヒトリゴト	VjbYpx-Hw-g	105876
神楽めあ	【オリジナルPV】廃都アトリエスタにて【神楽めあ× 卯月コウ】	廃都アトリエスタにて	M6esqi1cnEE	63450
神楽めあ	♡03♡『Flamingo』歌ってみたっ。【神楽めあ】	Flamingo	dbN3cFEaptU	87180
神楽めあ	バレリーコ / by 神楽めあ×犬山たまき【歌ってみた】	バレリーコ	r7FFXJFKm5k	67871
神楽めあ	【オリジナルPV】クノイチでも恋がしたい【神楽めあ× 湊あくあ】	クノイチでも恋がしたい	yS2rcvR6tFI	46175
ときのそら	♪3/27CDアルバム発売♪【ロボットになって】ダンスロボットダンス 歌ってみた - ときのそら【踊ってみた】	ダンスロボットダンス	RBIypzmpB9Q	161749
ときのそら	ドーナツホール #アメノセイ #ときのそら 【歌ってみた】	ドーナツホール	bcwApgI4fXo	69995
ときのそら	【らき☆すた】『もってけ！セーラーふく』歌ってみた - ときのそら × Alt！【がんばって再現してみた】	もってけ！セーラーふく	zGT2mkZVtbI	118087
ときのそら	ときのそら デビューアルバム「Dreaming!」 Trailer	Dreaming!	HWRyclm_qhg	22223
ときのそら	【ときのそら×キノシタ】Dream☆Story【オリジナル曲・キャラソン】	Dream☆Story	rbd-m8r5Ujs	120071
ときのそら	【侵略されて】エイリアンエイリアン 歌ってみた - ときのそら【踊ってみた】	エイリアンエイリアン	NT6Pf28eCgQ	933366
ときのそら	【ときのそら × アゴアニキ】海より深い空の下【オリジナル・ボカロPコラボ第4弾】	海より深い空の下	nP5mhWX2i0Q	75243
ときのそら	【ときのそら × はるまきごはん】そんな雨の日には【オリジナル・ボカロPコラボ第3弾】	そんな雨の日には	MjkDaUwPzkU	47503
ときのそら	檄!帝国華撃団 by燦鳥ノム・富士葵・ときのそら【歌ってみた】	檄!帝国華撃団	35fKzdDH654	652078
ときのそら	【ときのそら × シグナルP】Wandering Days【オリジナル・ボカロPコラボ第2弾】	Wandering Days	Z9oZ4r0cxME	67711
ときのそら	【歌ってみた】アスノヨゾラ哨戒班【ときのそら】	アスノヨゾラ哨戒班	QYpkewF8ECA	553609
ときのそら	【コラボ】Mrs.Pumpkinの滑稽な夢 女子4人で歌ってみた - そら×まり×アオ×YuNi	Mrs.Pumpkinの滑稽な夢	gb_jfOQd64c	324280
ときのそら	【ときのそら × 40mP】未練レコード【オリジナル・ボカロPコラボ第1弾】	未練レコード	yVxmv4oqPzs	182955
ときのそら	【歌ってみた】rain stops, good-bye / におP【事務員Gさんのピアノにのせて】	rain stops, good-bye	FrdLDOeMoyg	92168
ときのそら	【歌ってみた】海を泳ぐ月【ときのそら】	海を泳ぐ月	RKigW0TteZY	137009
ときのそら	【歌ってみた】サンドリヨン / ときのそら & バーチャルゴリラ	サンドリヨン	zsBD66Sa5Yg	289852
ときのそら	【歌ってみた】メランコリック【ときのそら】	メランコリック	zcU6WIaT9DA	453186
ときのそら	【ときのそら×アズマリム】2人でmagnet【歌ってみた】	magnet	Ec3DZ5xaWuA	458677
ときのそら	【MMD公開】太陽系デスコ/ときのそら【歌ってMMDで踊ってみた】	太陽系デスコ	wHw3jSvZxNI	1939600
ときのそら	【一緒に歌お♪】そらともどうぶつようちえん - nozakita kazumi【そらとも提供曲】	そらともどうぶつようちえん	D7qezulISyU	64283
ときのそら	【歌ってみた】おかえり - 瀬名航【soraSong】	おかえり	owwXwGXUm0g	98885
ときのそら	【Cover】Snow halation/μ’ｓ - ときのそら×富士葵コラボ「そらあお」で歌ってみた	Snow halation	xDE3MSAK_DY	406046
ときのそら	【Cover】ライオン／May'n/中島愛 - 富士葵×ときのそらコラボ「そらあお」で歌ってみた	ライオン	rn54OXCuTZs	1603279
ときのそら	【歌ってみた】あの日見た空 - 山田アルテミス【soraSong】	あの日見た空	Pgmleabc1nQ	98414
ときのそら	【歌ってみた】わたしとあなたと皆さまと！ - 逆襲の明智【soraSong】	わたしとあなたと皆さまと！	pKASI4dEG3A	115987
ときのそら	【歌ってみた】夢色アスタリスク - ていくる【soraSong】	夢色アスタリスク	kTV6uSmiXEw	346369
ときのそら	【歌ってみた】木の芽時の空 - 路地裏ロジック【soraSong】	木の芽時の空	BvlCYJ1XZ3Y	146772
物述有栖	🎁ロリ組で『好き！雪！本気マジック』歌ってみた🎅	好き！雪！本気マジック	OvGd6DqmA2c	184332
物述有栖	♡future base歌ってみた♡	future base	SXdV2bKMntI	56326
星街すいせい	【歌ってみた】メルティランドナイトメア【#07】	メルティランドナイトメア	sm4KMKurd8E	6734
星街すいせい	【歌ってみた】ブルーバード【#15】	ブルーバード	PerzMoTou-k	7882
星街すいせい	【歌ってみた】創聖のアクエリオン【#17】	創聖のアクエリオン	_8eUrkYNnLY	7043
星街すいせい	comet / 星街すいせい	comet	3cqV5BKJHyk	22802
星街すいせい	【歌ってみた】melty world【#18】	melty world	9pgap38Os_k	2931
星街すいせい	【歌ってみた】劣等上等【ルピナス&すいせい】	劣等上等	X1T9M4F8sKk	4243
星街すいせい	【歌ってみた】Shine!!/CINDERELLA PROJECT【#20】	Shine!!	WLj0Rg_bcvQ	1820
星街すいせい	天球、彗星は夜を跨いで / 星街すいせい	天球、彗星は夜を跨いで	zLak0dxBKpM	12458
Alt!!	【かぐや様は告らせたい】 踊ってみた！「チカっとチカ千花っ♡」 暁月クララ from Alt!! 【そして歌ってみた！】 Chikatto Chika Chika Dance	チカっとチカ千花っ♡	trVvXGQOA-k	6169
Alt!!	【劣等上等】 VTuber2人で歌ってみた !! 【七海ロナ・暁月クララ from Alt!!】	劣等上等	6nKSZ1Agm34	18867
Alt!!	【The Everlasting Guilty Crown】 /  EGOIST 歌ってみた !! (FULL) 【七海ロナ from Alt!!】	The Everlasting Guilty Crown	ApgE0yBcr9o	12884
Alt!!	ロキ / VTuber 3人で歌ってみた!!! / Alt!! 【フライング投稿第２弾】	ロキ	mLuRi9TzK5c	15512
Alt!!	【歌ってみた】 わがまま 気のまま 愛のジョーク モーニング娘。 MV 【七海ロナ from Alt!! 】	わがまま 気のまま 愛のジョーク	z8vAG9dE4qk	4500
Alt!!	LiSA 『ADAMAS』 ソードアート・オンライン アリシゼーション OP 歌ってみた !! 【covered by 遠坂ユラ from Alt!!】	ADAMAS	6j7Lu8nHbqs	37382
Alt!!	『ハッピーシンセサイザ』  踊って歌ってみた !!【七海ロナ from Alt!!】	ハッピーシンセサイザ	BpWHJAlNXxE	14477
Alt!!	【RADWIMPS】セプテンバーさん 歌ってみた !!【七海ロナ from Alt!!】	セプテンバーさん	MiChNlx2lDI	12397
Alt!!	LiSA / シルシ 歌ってみた !! Full 「ソードアート・オンラインll」 ED 【遠坂ユラ from Alt!!】	シルシ	ZoAHWt41lYs	15277
Alt!!	【歌ってみた】 「DANZEN！ふたりはプリキュア」 踊ってみた！ HUGっとプリキュア オールスターズメモリーズ ED 【バーチャルアイドルユニット Alt!!】	DANZEN!ふたりはプリキュア	4FQbZqjvmrQ	2733
Alt!!	【you】 『ひぐらしのなく頃に』  歌ってみた !! 【七海ロナ from Alt!!】	you	RnNUs50bLZQ	11403
Alt!!	【ノーゲーム・ノーライフ】 OP 『This game』 歌ってみた !!  (Full) 【遠坂ユラ from Alt!!】 No Game, No Life opening	This game	AfhY1lLPGqI	8928
Alt!!	【歌ってみた !!】メランコリック / 鏡音リン　- 暁月クララ from Alt!! 【フライング投稿】	メランコリック	1KbtvYpayrU	7122
Alt!!	【夜もすがら君想ふ】 / yomosugara kimi omou (西沢さんP) 歌ってみた !! 【遠坂ユラ from Alt!!】	夜もすがら君想ふ	_C1zM3Un8nM	6783
Alt!!	【ロミオとシンデレラ】 歌ってみた !! (PV付き) 【暁月クララ  from  Alt!! 】	ロミオとシンデレラ	IsNQ16z1Ego	8363
Alt!!	【歌ってみた !!】君の好きな本 / 西沢さんP GUMI　- 七海ロナ from Alt!! 【フライング投稿】	君の好きな本	zuvSI5kf9zY	6932
Alt!!	【巡音ルカ】『それがあなたの幸せとしても』/ 歌ってみた【七海ロナ from Alt!! 】	それがあなたの幸せとしても	xc-BU00UH3Q	2624
Alt!!	【初音ミク】グリーンライツ・セレナーデ/Greenlights Serenade 歌ってみた マジカルミライ2018【遠坂ユラ from Alt!!】歌詞付き	グリーンライツ・セレナーデ	ctIEnSzgheE	21464
Alt!!	【鱗（うろこ）】 / 秦基博 歌ってみた !! (歌詞付き) 【遠坂ユラ from Alt!! 】	鱗	uoXNsw4PPhE	6586
Alt!!	【おねがいダーリン】 歌って踊ってみた !! （Full 歌詞付き）【暁月クララ from Alt!!】	おねがいダーリン	j7VyZ00_g1g	6416
Alt!!	【歌ってみた !!】君の知らない物語 / supercell　- 遠坂ユラ from Alt!! 【フライング投稿】	君の知らない物語	wga-L6yNIe8	9915
Alt!!	アンパンマンのマーチ 歌ってみた !! 【暁月クララ from Alt!!】	アンパンマンのマーチ	2RwIe0-HAac	9155
Alt!!	【未練レコード】歌ってみた !! 七海ロナ from Alt!!【ときのそら × 40mP】	未練レコード	10CvFlTRJpM	6141
Alt!!	【RAINBOW GIRL】 せつなさいっぱいで 歌ってみた・・・ 【暁月クララ from Alt!!】	RAINBOW GIRL	BdLFdybDuD8	3585
Alt!!	【愛言葉Ⅲ】 せいいっぱい愛で歌ってみた !! DECO*27 【暁月クララ from Alt!!】	愛言葉Ⅲ	VKTly71KEG8	4998
Alt!!	【鳥の詩】 / Lia 『AIR』 歌ってみた !! 【遠坂ユラ from Alt!!】	鳥の詩	RhqPfjPyRB8	8413
Alt!!	【夕景イエスタデイ】  歌ってみた !!  歌詞付き 【ver 遠坂ユラ from Alt!!】	夕景イエスタデイ	JYVzdtwQuHg	6049
Alt!!	恋愛サーキュレーション かわいく 歌ってみた !!  Full 【暁月クララ from Alt!!】	恋愛サーキュレーション	hlgoVdyg1Qc	4924
Alt!!	【Alt!! x 40mP】『Hello My Stage!』バーチャルアイドルユニット 「Alt!! (アルト)」 3rdオリジナルシングル	Hello My Stage!	zgJhhzIbWmI	7380
Alt!!	【Three Piece - スリーピース- 】 バーチャルアイドルユニット 「Alt!! (アルト)」 2nd オリジナルシングル	Three Piece	EQybHllR2mQ	14356
Alt!!	【StAlt!! - スタート!!】バーチャルアイドルユニット「Alt!!（アルト）」デビュー曲	StAlt!!	8UE4KHm7sF0	91460
まりなす	【MV】【歌ってみた】金曜日のおはよう- HoneyWorks(Cover) / 奏天まひろ[Vtuber]【踊ってみた】	金曜日のおはよう	gOfBxrbjlxA	6206
まりなす	【MV】【歌ってみた】ナンセンス文学- Eve(Cover) / 燈舞りん・鈴鳴すばる[Vtuber]【踊ってみた】	ナンセンス文学	svh5hufPh0Q	6019
まりなす	[MV]【歌ってみた】だれかの心臓になれたなら - ユリイ・カノン(Cover) / 燈舞りん[Vtuber]【踊ってみた】	だれかの心臓になれたなら	zRgSpBZePX0	18606
まりなす	[MV]【歌ってみた】一騎当千 - 梅とら(Cover) / 鈴鳴すばる[Vtuber]【踊ってみた】	一騎当千	BEa23Z5uQt4	12864
まりなす	【MV】【全力で歌ってみた】太陽系デスコ- ナユタン星人(Cover) / 奏天まひろ[Vtuber]【ガチで踊ってみた】	太陽系デスコ	MucqcvVBBBM	16745
まりなす	[MV]【歌ってみた】miracle step - キズナアイ(Cover) / 奏天まひろ[Vtuber]【踊ってみた】	miracle step	pD9sVwKh1Gc	4909
まりなす	[MV]【歌ってみた】チョコレイト・ディスコ - Perfume(Cover) / 奏天まひろ、燈舞りん、鈴鳴すばる[Vtuber]【踊ってみた】	チョコレイト・ディスコ	KSDoOrST-gc	4435
まりなす	【オリジナル曲】『WONDERLAND（まじかる姉妹歌合戦ver）/奏天まひろ』【わだらん】	WONDERLAND	FTtdG4m47i8	3748
まりなす	【銀河アリスVS奏天まひろ】UFO歌って踊ってみた（草むらver）【超宇宙コラボ】	UFO	3sj09eRW9QU	4193
まりなす	【グミの日】「ぐみのうた」踊ってみた【東雲めぐちゃん】	ぐみのうた	XeiqtiHBMCU	1998
まりなす	【MV】【歌ってみた】スタートの合図- 響木アオ(Cover) / 奏天まひろ[Vtuber]【踊ってみた】	スタートの合図	TGQkhOXyJYM	2474
まりなす	[MV]【歌ってみた】恋愛サーキュレーション- 千石撫子(花澤香菜)(Cover) / 音葉なほ[Vtuber]【踊ってみた】	恋愛サーキュレーション	puDLucsK1lw	1
緋惺	【Vtuber*歌ってみた】緋惺が、『四季刻歌』を歌ってみました♪	四季刻歌	0Oo9mlZiqkE	23245
緋惺	【春の装い】緋惺が、「春よ、来い」を歌ってみました♪【カラオケ音源-off vocal-／配布予定】	春よ、来い	RgM7XWkhn08	5053
緋惺	【祝・収益化】緋惺が、「奏（かなで）」を歌ってみました♪【カラオケ音源-off vocal-／配布予定】	奏	gqs2l750rsI	2945
緋惺	【祝・3000人】緋惺が、「雪の華」を歌ってみました♪【カラオケ音源-off vocal-／配布予定】	雪の華	-I0cbW01xyg	3179
緋惺	【もうすぐV1周年】緋惺が、「桜唄」を歌ってみました♪【カラオケ音源-off vocal-／配布予定】	桜唄	PwzBtHAWoec	1491
緋惺	【祝・VTuber1周年／UTAU6周年】緋惺が、「月のワルツ」を歌ってみました♪【カラオケ音源-off vocal-／配布予定】	月のワルツ	8cmlVQ1zpDY	1243
緋惺	【VTuber・Vカツ】緋惺が、『future base／Kizuna AI』を歌って踊ってみました♪【キズナアイ新曲リリースフェス】	future base	5jNhi8on1bQ	3640
緋惺	【Vtuber*歌ってみた】緋惺が、『アサガオの散る頃に』を歌ってみました♪	アサガオの散る頃に	YyQknRUPwu0	1829
緋惺	【Vtuber*歌ってみた】緋惺が、『朧月』を歌ってみました♪	朧月	mMTJSV3j7ak	2043
緋惺	【VTuber*歌ってみた】緋惺が歌う、『夢と葉桜』をFULLでお届けします♪	夢と葉桜	G5LP5rCOJk0	2964
緋惺	【Vtuber*歌ってみた】緋惺（あけさと）が、『七夕恋歌』を歌ってみました♪	七夕恋歌	71uU6ht-DBQ	3760
緋惺	【Vtuber*歌ってみた】GWに暇を持て余した緋惺が、『暇は人を殺せるか』を歌ってみました！	暇は人を殺せるか	DA_IxTHX-uQ	1883
緋惺	【Vtuber*歌ってみた】緋惺が、『虹色蝶々』を歌ってみました！	虹色蝶々	tatu9XPc-1w	4013
緋惺	【Vtuber*歌ってみた】緋惺が、『神居謡』を歌ってみました！	神居謡	NXbYyTHCAqM	1939
緋惺	【Happy Halloween!!】緋惺が、『ゾンビゾンビジェネレーション』で仮装してみました！【VTuber・Vカツ・歌ってみた】	ゾンビゾンビジェネレーション	NittY1YaDrs	1427
緋惺	【VTuber】緋惺が歌う、『夏夜空の月』をFULLでお届けします♪【オリジナル曲】	夏夜空の月	ru66FIi-wl4	1586
緋惺	【作曲家さんとコラボ】緋惺が、『春雪の夜に君を待つ -Tsubaki mix-』を歌ってみました♪【オリジナル曲】	春雪の夜に君を待つ	BCp0zmY_5jo	2035
緋惺	【VTuber*作曲家さんとコラボ】緋惺が、『七つ夜空の願いごと』を歌わせて頂きました♪	七つ夜空の願いごと	_Jbl8rLTi0c	1501
緋惺	【VTuber*ボカロPさんとコラボ】緋惺が、『つくりかけの花冠』を歌わせて頂きました♪【オリジナル曲】	つくりかけの花冠	uLbEBOjfLnc	1452
緋惺	【Vtuber*ボカロPさんとコラボ】緋惺が、『鵺の涙 -piano.ver-』を歌わせて頂きました♪【オリジナル曲】	鵺の涙	PYMY4tmKyrU	1595
緋惺	【Vtuber*歌ってみた】緋惺が、「青いベンチ -Piano ver.-」を歌ってみました♪	青いベンチ	DCOY_LwMYSE	2993
緋惺	【Vtuber*歌ってみた】緋惺が、『Undefined』を歌ってみました♪	Undefined	iOFpDjPVS08	2938
緋惺	【Vtuber*歌ってみた】緋惺（あけさと）が、『通りゃんせ』を口遊んでみました♪	通りゃんせ	ZGNH30RErd8	3002
緋惺	【Vtuber*歌ってみた】緋惺が、『夢と葉桜』を歌ってみました♪	夢と葉桜	bBR_ACf7s64	1388
緋惺	【Vtuber*作曲家さんとコラボ】緋惺が、『夏夜空の月』を歌わせて頂きました♪【オリジナル曲】	夏夜空の月	LPmrBqqiclw	1312
緋惺	【VTuber*歌ってみた】緋惺が、『ゾンビゾンビジェネレーション』を歌ってみました！	ゾンビゾンビジェネレーション	20uc6KaJNFk	1659
緋惺	【VTuber*作曲家さんとコラボ】緋惺が、『春雪の夜に君を待つ』を歌わせて頂きました♪【オリジナル曲】	春雪の夜に君を待つ	HEs8c0XAcyU	1240
ルピナス	【バレンタイン学パロ】バレンタイン・キッス　歌ってみた💝【久遠藍♡星街すいせい♡黒羽満月♡ルピナス】	バレンタイン・キッス	-uQ4bc7otx8	886
ルピナス	🍅【吸血鬼2人で】きゅんっ！ヴァンパイアガール🦇ルチカ×ルピナス【歌ってみた】💎	きゅんっ！ヴァンパイアガール	0LZXm43ywPk	732
ルピナス	💎#7【歌う吸血鬼が】ハートサーモグラフィー【歌ってみた】✨	ハートサーモグラフィー	V2nuNdf8e1g	1542
ルピナス	【ルピナス×夜木ノセ】🌸ハッピーシンセサイザ🌸歌ってみた！【Vtuberコラボ】	ハッピーシンセサイザ	hfwutmZ3g5I	801
ルピナス	【歌ってみた】劣等上等【ルピナス&すいせい】	劣等上等	X1T9M4F8sKk	4244
ルピナス	💎#6【歌う吸血鬼が】イヤイヤちゃんのうた【媚びて歌ってみた】✨	イヤイヤちゃんのうた	Mj8ElZgzZ-s	2324
ルピナス	💎#4【歌う吸血鬼が】シャルル 1番 / バルーン【歌ってみた】✨	シャルル	QW8wv0g6uMA	2282
ルピナス	月のワルツ ルピナスと公野ゆめかが歌ってみた	月のワルツ	2EYWJXp_mfQ	691
糸巻おり	【歌ってみた】制服のマネキン - 糸巻おり【ぴぐまりおん。】	制服のマネキン	wYNLl2zCHnA	1631
糸巻おり	【歌ってみた】わたしのアール - 糸巻おり【ぴぐまりおん。】	わたしのアール	rq52RMM8eJ8	4228
糸巻おり	【歌ってみた】チェチェ・チェック・ワンツー！/ Check Check Check One Two!【糸巻おり】	チェチェ・チェック・ワンツー！	7VQ1WlEO00w	2307
射貫まとい	私、アイドル宣言／CHiCO with HoneyWorks(cover)【射貫まとい】	私、アイドル宣言	ulRIUdU2qyg	1776
射貫まとい	DECO*27 - スクランブル交際 / 射貫まとい【歌ってみた】	スクランブル交際	YEOrzqAVl8g	2097
射貫まとい	【supercell】さよならメモリーズ／射貫まとい【歌ってみた】	さよならメモリーズ	4zKXfn5fBdc	1798
射貫まとい	シャルル 歌ってみた(生歌) - 射貫まとい【Vtuber】	シャルル	HBn1SLB4pI8	4881
射貫まとい	【天神子兎音】フーアーユーなんて言わないで／射貫まとい【歌ってみた】	フーアーユーなんて言わないで	qWMPs-wkwS8	4021
射貫まとい	チェチェ・チェック・ワンツー！ 歌ってみた / 射貫まとい【vtuber】	チェチェ・チェック・ワンツー！	Rvr_6YqUiVo	5768
射貫まとい	『ハロ／ハワユ』 歌ってみた - 射貫まとい	ハロ／ハワユ	220DWQAYG_Y	4123
射貫まとい	『愛言葉Ⅲ』／DECO*27（covered by 射貫まとい）	愛言葉Ⅲ	acLFYHY0Ous	3398
射貫まとい	『一度だけの恋なら』／ワルキューレ（covered by 射貫まとい）【マクロスΔ】	一度だけの恋なら	2MBikwIIjiU	2900
射貫まとい	『ダイアモンドクレバス』／射貫まとい【歌ってみた】	ダイアモンドクレバス	y10kU0eZX2Q	2404
射貫まとい	【ポプテピピックOP】『POP TEAM EPIC』/射貫まとい【歌ってみた】	POP TEAM EPIC	65SYcteWa6E	2875
射貫まとい	『愛Dee』/射貫まとい＆琴みゆり【歌ってみた】	愛Dee	GtG3-U62OXY	2651
射貫まとい	Hello, Morning／射貫まといver【歌ってみた】	Hello, Morning	YTGExo3BgPc	2541
射貫まとい	【Kagayaki Stars】カヌレ／射貫まとい【歌ってみた】	カヌレ	zKaOP85tKLY	4061
夜空メル	【#夜空メル】吸血鬼が『さようなら、花泥棒さん』歌ってみた🌟	さようなら、花泥棒さん	aibvTUNEWqQ	9355
夜空メル	【#夜空メル】吸血鬼が『ビバハピ』歌ってみた！	ビバハピ	Mmlj3WUBHbc	34840
夜空メル	『バレンタイン・キッス』を金髪4人で歌ってみた♡	バレンタイン・キッス	R4PEMkDb418	26009
夜空メル	吸血鬼が『惑星ループ』を歌ってみた🌟ver.夜空メル	惑星ループ	hUsU9W6wt9k	34142
夜空メル	★吸血鬼が『きゅんっ！ヴァンパイアガール』歌ってみたver.夜空メル【オリジナルPV】	きゅんっ！ヴァンパイアガール	Oqu0orEZ3rI	16821
アキ・ローゼンタール	未練レコード【ときのそら × 40mP】歌ってみた/アキロゼcover	未練レコード	Tvx2UWi59pQ	12431
癒月ちょこ	『バレンタイン・キッス』を金髪4人で歌ってみた♡	バレンタイン・キッス	R4PEMkDb418	26009
キズナアイ	Kizuna AI - meet you (Prod.DÉ DÉ MOUSE)	you	w3nSFJ4MQ7M	233570
キズナアイ	Kizuna AI - melty world (Prod.TeddyLoid)	melty world	X-6foRGSjPg	448893
キズナアイ	Kizuna AI - Hello, Morning（Pa's Lam System Remix）	Hello, Morning	LyJ5vCAYZXQ	290997
キズナアイ	Kizuna AI - miracle step (Prod.Nor)	miracle step	eolXxm37-8Y	253739
キズナアイ	Kizuna AI - future base (Prod.Yunomi)	future base	yeD7eAuza74	843988
キズナアイ	Kizuna AI - Hello, Morning (Prod.Nor)	Hello, Morning	4byaJ9w47uU	1142327
キズナアイ	『ハッピーシンセサイザ』 踊って歌ってみた！	ハッピーシンセサイザ	zZyTTBXwd88	1303260
キズナアイ	『ハロ／ハワユ』歌って踊ってみた！	ハロ／ハワユ	QS7Q_zEPzHA	917915
キズナアイ	『メランコリック』歌って踊ってみた！【キズナアイver.】	メランコリック	_GByIfCSGL4	691906
キズナアイ	【替え歌】初作詞の応援歌を歌ってみた！【千本桜】#170	千本桜	ux9sE2S8Pho	167621
キズナアイ	【いまさら踊ってみた】ハレ晴レユカイ【#119】	ハレ晴レユカイ	HnQSdlbw3es	980884
キズナアイ	【踊ってみた】サイレントマジョリティー【#110】	サイレントマジョリティー	SZyq9MA0DOo	464388
周防パトラ	【オリジナル曲】ハートサーモグラフィー【周防パトラ / ハニスト】	ハートサーモグラフィー	KDX2CeeWHVM	175213
周防パトラ	【クリスマスソング】HoneyChristmas【 ハニーストラップオリジナルソング】	クリスマスソング	Nk1jpG-ArCk	53643
周防パトラ	【オリジナルソング】イヤイヤちゃんのうた【周防パトラ / ハニスト】	イヤイヤちゃんのうた	1Iesadviuuo	59700
周防パトラ	【全美兎】シュガーソングとビターステップ歌ってみたらオリオンをなぞるになった【周防パトラ / ハニスト】	シュガーソングとビターステップ	mkjBx9kx7N4	75631
